CustomerID,AccountBalance,LastTransactionDate
5fe1d470-d487-4a25-a3ce-c23a98fa6a87,24371,2024-07-03 19:30:08.768115
b8e81deb-215d-466d-8dcf-4fb711478042,45903,2024-12-24 19:30:08.768143
d91e71ff-2f83-4d41-8a64-d2d65b8d1a7c,37524,2024-02-29 19:30:08.768150
2120f5cd-9eaa-49b9-87fb-57f66fadac15,27474,2024-12-19 19:30:08.768156
cda147f6-b48e-40df-86a3-81cb5054549c,17667,2024-12-24 19:30:08.768164
87a6d1df-5b9e-421d-b0c7-9233f9f32ac1,18801,2024-04-15 19:30:08.768173
5799b725-f5f8-4446-aa9c-65890d3ff801,47108,2024-12-07 19:30:08.768180
cdcfc437-2338-422c-b3ef-71752333c691,9405,2024-07-11 19:30:08.768188
12099496-cd0f-4840-84ff-1ef3aeaaaca6,7153,2024-11-01 19:30:08.768196
96549d5e-d985-4f70-8711-8f2e1833384a,30131,2024-11-18 19:30:08.768221
05e471cb-1eb9-43f8-8f6a-2f5234626b18,24680,2024-11-05 19:30:08.768227
fc298345-b4b6-439f-9d63-2b1bc24b69f2,24697,2024-03-15 19:30:08.768232
fcdd2f00-e3d9-4869-a0c1-6ad45ef25dde,44064,2024-02-09 19:30:08.768237
709dfa30-c13f-480c-9254-5bd0d7ffe426,40351,2024-05-26 19:30:08.768242
c7c21360-a06c-4e22-a73e-9ac891eeb168,33283,2024-06-01 19:30:08.768247
14c87cad-a43f-437d-9d2e-d3729227a787,33444,2024-04-12 19:30:08.768252
1072469a-acfe-4f7c-982b-1ea97b7bc48b,40811,2024-12-22 19:30:08.768257
23950d3b-8a47-4030-8e72-1dff9d50089d,27363,2024-06-05 19:30:08.768262
02576186-5e22-491f-9fef-2bd2e5342941,49804,2024-04-11 19:30:08.768266
6fa931f9-ddf8-4b85-a209-d4ec5cf48725,24646,2024-03-07 19:30:08.768271
073515bb-210b-4d72-ac9b-27a71dc04e2b,44804,2024-07-20 19:30:08.768276
96ef9a12-8543-4a9d-83f0-db51cb8ff88c,21036,2024-11-14 19:30:08.768281
fd5fcd9f-ce5a-472b-92a0-3a1291323dd6,11726,2024-01-26 19:30:08.768286
6b17383d-0dc2-4a6b-943f-8ffa37efe834,41790,2024-12-31 19:30:08.768291
87907386-b118-4c54-8831-8978f829af58,46160,2024-04-01 19:30:08.768295
c518974c-fc6f-4cb2-b83d-fc0884269ce8,23274,2024-03-22 19:30:08.768301
388d5111-27e8-4993-8f71-5f13e3bd19d9,29587,2024-12-18 19:30:08.768306
7f0c9e40-945e-4bec-914c-798b95c44907,26555,2024-10-29 19:30:08.768311
90fbc2be-5622-48ed-b2da-4ed7ea0f3ff6,15168,2024-01-20 19:30:08.768316
4060817b-3409-464a-ac16-cc8f2b439071,20103,2024-02-16 19:30:08.768320
d858a7f8-7073-437c-9fcf-0ff9c3262e23,30901,2024-07-21 19:30:08.768325
03b3b306-efe3-42bc-b77a-225a010f176f,35567,2024-09-08 19:30:08.768330
146dd4af-2bd8-4c92-9ffd-a1ae046675ac,18207,2024-10-10 19:30:08.768335
8d5b67a4-03d6-44fb-b24f-5eab93ad3094,44432,2024-05-30 19:30:08.768340
320d3840-14b9-4dee-97ac-85b6dc4dffa3,28691,2024-03-23 19:30:08.768344
433586de-b8c8-428b-a522-c82a63d9238c,8556,2024-01-21 19:30:08.768349
16e2b9e7-4937-4655-bd46-5fa2bae3dc67,45072,2024-05-02 19:30:08.768354
f1750ebc-2068-4d0f-9d64-c2d51511ec81,38133,2024-03-17 19:30:08.768359
6a8c2698-8c97-4d62-ae64-05fe039f426e,20893,2024-04-28 19:30:08.768364
d0d18e02-9197-43fd-8457-585565e06a48,20866,2024-12-27 19:30:08.768370
a44fb9d8-51ee-4831-9d8b-e19cc5823799,5656,2024-02-09 19:30:08.768378
7ef1f1cb-8540-45d9-9b9f-93eddd1c386b,46120,2024-09-13 19:30:08.768387
51c5d33a-3f52-4e93-b9aa-9f83f7102c9e,20096,2024-07-15 19:30:08.768395
a458326b-d803-4b29-aae3-32a99913d4e2,20447,2024-03-07 19:30:08.768404
c5d9b896-1336-47b9-8051-2a99437bb8c5,24854,2024-08-01 19:30:08.768412
5339afd2-a322-4688-adb5-698ff6330c9a,26983,2024-10-06 19:30:08.768419
72f3daf7-80ab-4644-83e3-c4456d4501d2,36196,2024-03-01 19:30:08.768427
eb89d27b-3867-4167-86cd-aedf8c95d8b0,17046,2024-07-25 19:30:08.768436
a6b7743a-1a25-4ab5-8ab1-3d6a9030436b,44194,2024-10-14 19:30:08.768445
e1d400fd-14ac-483d-8753-f3fb7e19fcd4,39529,2025-01-06 19:30:08.768453
931cec48-2abb-4db8-a831-2b3cd13ba8be,5956,2024-12-24 19:30:08.768461
5979214e-3609-42aa-96ab-14687c7d4664,29560,2024-09-01 19:30:08.768469
ef72ea5d-7096-4cea-aa9f-8d484b57b158,29175,2024-12-17 19:30:08.768478
e8844510-1b85-4515-afdc-54946bd5d42c,46041,2024-10-03 19:30:08.768487
9634481c-f4a3-4f67-94c4-b3deac2d77dd,26295,2024-08-04 19:30:08.768498
4efb1dff-2c4f-4977-9025-e513af79c491,19855,2024-05-15 19:30:08.768506
760952db-e885-43fa-bc24-b69bb946c90d,23003,2024-12-30 19:30:08.768514
6fcb4ebb-5f10-4179-bd7a-39d21c292797,18036,2024-02-23 19:30:08.768522
ceab1828-3572-4773-acec-3832d923240d,47133,2024-12-18 19:30:08.768530
a71083f4-91c6-4b19-af7b-12fe3e21af4a,43773,2024-03-07 19:30:08.768538
890bd65c-7bfd-4308-8b71-8ef91b6a9a83,18844,2024-07-09 19:30:08.768545
3eb94413-8faf-497b-9032-803fc87cbe7c,5645,2024-06-06 19:30:08.768550
36ff62eb-a9b3-4795-9b59-6021523429d0,38146,2024-06-09 19:30:08.768555
8dd08512-fd38-4a1a-bdc7-d6a7b5a74843,44877,2024-02-08 19:30:08.768559
71e6022a-f8e7-4784-a7e9-c696c25d4a6c,49693,2024-08-04 19:30:08.768564
67772634-009b-4c9a-81bd-297797c1e7bd,22524,2024-06-13 19:30:08.768569
d5f1a3c9-742a-47c8-9316-32b0525efc42,25119,2024-08-29 19:30:08.768574
e3ca4ae3-ecc9-4d92-97aa-742f9395d206,31589,2024-11-17 19:30:08.768579
55746adf-6646-4a3d-8773-e06e31144a1f,22045,2024-05-25 19:30:08.768584
76125a2e-06f8-4b87-8268-3cd98b87196a,18163,2024-07-10 19:30:08.768588
c0cb8689-672d-4ad6-b074-e87baf0404fc,29587,2024-12-17 19:30:08.768593
71000f5f-a61a-4c9f-9cd2-66bf682b219d,26593,2024-09-25 19:30:08.768597
6f88f7e4-b1c8-4a41-8311-81e41581e1c5,38155,2024-10-10 19:30:08.768602
bd22a71c-1c78-4691-b365-e8f4e9dd2109,35802,2024-09-12 19:30:08.768607
e168f161-d14e-4ee4-8f37-a2b95adcba39,33409,2024-08-24 19:30:08.768611
a4aa7f4b-d913-4f11-9bb9-78bfe64a0285,15111,2024-09-11 19:30:08.768616
1ab934e2-aeba-4c33-ada6-8d5c5b875304,26119,2024-08-01 19:30:08.768621
953a5949-0dd9-4ffe-bffb-aa9fc40cf250,29675,2024-06-15 19:30:08.768626
31d35cf2-ee39-49b7-9110-eacc926fbe51,40539,2024-01-26 19:30:08.768631
58cf9a5e-841b-4a95-984a-2ef11f34e86f,41937,2024-02-26 19:30:08.768636
3c1d8905-c7a2-4c85-872c-0d78096089ad,28647,2024-02-06 19:30:08.768642
3386e2ca-5dea-49b2-a657-42ed9f7d9bf9,31953,2024-08-07 19:30:08.768650
df664a33-880f-4705-b5a7-72ad2a3b8840,47823,2024-04-21 19:30:08.768658
9de67b0c-c429-472f-af9c-82709428da6c,9019,2024-01-19 19:30:08.768667
daa13b0d-703e-4fc0-8c8f-8ccc43f8505c,25654,2024-08-07 19:30:08.768676
b02583dd-9147-4d95-9d44-e761a71d844e,43624,2024-02-14 19:30:08.768684
5647932b-b37c-42fc-8ceb-774751b924a1,33334,2024-03-02 19:30:08.768692
25f11fb8-34da-41a1-8a40-95fdc832e2ab,21418,2024-03-29 19:30:08.768701
b9356587-37b0-4b30-b2ac-b119804ab3fe,31742,2024-04-25 19:30:08.768706
beaa2261-bc5e-4475-acbb-bbe8a424504d,18682,2024-08-05 19:30:08.768711
8e7f4397-bd7c-4e48-b9b1-3b870af302e9,49599,2024-12-26 19:30:08.768716
868ad490-8544-4fae-9de3-da038a09c837,17164,2024-10-24 19:30:08.768720
abf0d87e-8203-47af-b148-84ef9a730503,12618,2024-02-05 19:30:08.768725
2f62c505-b196-4ffd-840f-f94f59d044f1,8380,2024-02-09 19:30:08.768730
1ffdcbd4-834f-4c17-b742-cdb2939a7592,28927,2024-06-03 19:30:08.768735
fbdb2ec1-74e7-4758-8400-08fa444fead0,20163,2024-05-22 19:30:08.768740
92704e76-44b5-4c91-9ead-195fcac582d1,24560,2024-03-21 19:30:08.768744
f12b1848-7f53-41df-8925-181f626e3319,19725,2024-08-20 19:30:08.768749
1617f1bf-9c5b-44aa-9ece-18267f865e75,46135,2024-05-03 19:30:08.768754
b137a0c1-ec9c-4b76-a5c3-8f9e0827fd59,9687,2024-03-19 19:30:08.768759
7614fbdf-b642-48da-8577-6032836c30ec,34962,2024-08-22 19:30:08.768763
152fe17c-c6d6-418e-a5ea-6b3f6659fe0b,6586,2024-08-20 19:30:08.768768
744e8fa4-af11-4d42-a015-4d3c76d540e8,13056,2024-09-02 19:30:08.768773
439a3d6a-d493-4320-aa78-ee99bcea179a,10422,2024-02-20 19:30:08.768777
09b491e1-d9d9-46ad-9cc8-78f114f77e63,25042,2024-03-10 19:30:08.768782
01777b2e-aa0f-4014-ad49-4055245868ac,5952,2024-12-22 19:30:08.768787
6287d9b8-5f76-4a80-ae88-6ad45e165f15,34532,2024-05-11 19:30:08.768791
6b760ace-09c3-4f9d-a22f-2fbe96f42dac,43133,2024-07-29 19:30:08.768796
a949c1d7-8190-4477-9366-d6790f7ef55f,17521,2024-02-24 19:30:08.768801
d621a2f4-2c62-4e1b-8646-6cd1f0725734,15906,2024-10-05 19:30:08.768808
eaa79ced-f98e-40af-bd17-ffb14de03d25,7978,2024-12-12 19:30:08.768816
781b37e9-ff16-4134-a49d-08d8bd7e2fd8,47769,2024-05-24 19:30:08.768824
7e760d26-b3d6-4095-a3ab-4f8a9c004cb6,36275,2024-12-15 19:30:08.768833
e67b6b97-e25c-4674-9b77-0ea694c9e7d6,48766,2024-07-18 19:30:08.768841
e0284a94-77a4-4aa8-bdb9-70381680a629,17343,2024-08-01 19:30:08.768849
9f6a03bc-694d-42ee-ade6-cd5c5a81387f,16951,2024-12-10 19:30:08.768857
ef368a9a-2784-4ea5-a6b9-c8d9fa6ad06b,19691,2024-07-28 19:30:08.768865
0598bc4c-d84a-4af3-926d-55b3749c1f97,16520,2024-06-15 19:30:08.768873
78d79e7a-545c-4712-9f50-8161c49ce4ef,42676,2024-09-29 19:30:08.768881
0d8c9bdd-02e3-4dad-8636-636e5e4e0633,16326,2024-09-25 19:30:08.768888
917f082b-0b7b-4bc9-885e-2b0b3b5072cc,35521,2024-02-14 19:30:08.768893
7ce8a8e5-4da1-4cf3-81c7-5df607efb2ea,39727,2024-11-01 19:30:08.768897
8126d0bd-447c-4e7e-8119-f9a82f345aa3,42950,2025-01-01 19:30:08.768902
9f72f8b0-d9e6-4e3a-82c4-9c019ae1ddd5,5805,2024-09-08 19:30:08.768907
ba2301ef-a9ce-46d5-b042-22562e4c1bbd,40868,2024-01-22 19:30:08.768911
90c04921-b355-45eb-a431-825ec201f418,39343,2024-09-30 19:30:08.768916
da97c65b-aaaf-4f84-b658-9866def95c62,16922,2025-01-08 19:30:08.768921
a5e57e64-4098-41fd-9952-f6948e18b54c,13791,2024-01-24 19:30:08.768925
259a1bca-db21-4bb2-9437-6ab2f8084be0,40383,2025-01-02 19:30:08.768930
18b9dcf6-2604-4cc9-9cc8-e29da0799e46,49331,2024-02-26 19:30:08.768936
0f46ce79-628b-4e91-9434-f44dbe7c3936,20040,2024-09-20 19:30:08.768941
805f92b1-f269-4387-9d56-cf18e0f1764a,30187,2024-02-01 19:30:08.768945
f6ce82ee-1267-4149-8e76-44c4565b944e,35860,2024-07-07 19:30:08.768950
c2ea1eb2-e1dd-434c-98f2-cd0934937a49,31525,2024-06-07 19:30:08.768955
42e7d3f9-53a0-4d68-ba18-ee88589b0a03,43394,2024-02-01 19:30:08.768959
ebd9458b-ec74-4199-8f34-2d9c5bf50cba,30136,2024-09-08 19:30:08.768964
7c54f0b7-7770-4a77-8101-266a825efef8,48506,2024-06-22 19:30:08.768969
a5c58086-0f11-4c04-ba1b-3c2326677b33,22010,2025-01-01 19:30:08.768973
db58a0e9-06bd-44d0-9872-cabe4031aa2b,44652,2024-11-06 19:30:08.768978
06c2723f-ce18-408a-b231-caaf95f0150c,49222,2024-08-26 19:30:08.768984
0e586564-f143-4c02-909d-834f424b0416,16974,2024-07-07 19:30:08.768992
6dbe6277-7dfd-4e04-bf55-1707a2ff6c5c,13866,2024-09-04 19:30:08.768999
6e25301d-9f46-4741-96c4-f3605c281c36,23286,2024-11-21 19:30:08.769007
73620b36-76f2-447a-a378-e0d5db1c1d2c,20015,2024-07-27 19:30:08.769013
3c59bb17-be4f-4e70-a14c-eccfe3ac7204,42140,2024-09-04 19:30:08.769018
633f2466-af21-4dc0-91c4-7f94a64de7dc,31670,2024-03-13 19:30:08.769024
1da0c4c9-d5b8-47cc-b02f-d26d16385081,41610,2024-02-23 19:30:08.769032
52606147-d7c5-4f18-8a06-ef0530cb50a9,25695,2024-07-16 19:30:08.769040
eabf0e9f-854d-4ad3-b199-c94894d5242a,29805,2024-06-20 19:30:08.769048
4697c357-59db-45ae-9f37-717f6d9e2093,29190,2024-08-05 19:30:08.769057
b9c5478c-6a20-4bac-a5ca-e2f28e4a79aa,12997,2024-01-29 19:30:08.769065
60f361c0-46ce-493d-9009-d2d64ba6add0,49452,2024-06-04 19:30:08.769074
dfe438f2-ff02-4e4b-abf4-0236b4b67d21,27752,2024-03-30 19:30:08.769082
4d019cd4-a3c2-4cb7-ab3a-e894457c03dc,23069,2024-03-26 19:30:08.769090
9e68ee5d-4ae0-4271-bacb-e89effed5a2b,35508,2024-12-12 19:30:08.769098
7983271c-186d-4638-88dd-36713ee8d7b8,26517,2024-01-24 19:30:08.769106
c5899e5a-a6e0-413a-93ab-ab4df39e6384,46592,2024-10-18 19:30:08.769114
7e5d0f7b-d191-4506-84da-551945a8c7bb,13524,2024-09-19 19:30:08.769119
cd6dc646-ba68-4f8f-bbb4-017e01c98b39,15071,2024-08-08 19:30:08.769123
0a0c7706-3b8c-4ba5-8f3a-51d97433124a,44077,2024-12-11 19:30:08.769128
f5d9aae4-0748-4a01-8899-e2ade9baeb85,46466,2024-06-10 19:30:08.769132
3d38827d-5142-4f3e-8ab7-a5d8fff8a1a9,25596,2024-09-29 19:30:08.769137
241f109f-2b98-4c1c-bb8a-9a24f9db2898,14781,2024-01-15 19:30:08.769142
dc1a34b0-ded3-44da-a8ac-650113d9879f,45239,2024-06-09 19:30:08.769147
2dd1a228-185d-4bca-b6c5-5cfc08a0ea04,39759,2024-03-11 19:30:08.769151
700b71d4-e1fe-4e26-b53d-d731b5bbc6b2,47694,2024-08-07 19:30:08.769156
59fc5f21-2c20-49f8-bb95-2ad529801d73,31839,2024-06-23 19:30:08.769161
4fd2ba92-c245-4568-b0e3-5432781acb07,7263,2024-07-25 19:30:08.769165
29adf5a1-cd12-4eee-9eb6-60421d5ff666,30002,2024-05-16 19:30:08.769170
5ad526ed-e9cf-4458-a397-38202bd61893,43022,2024-08-03 19:30:08.769175
61de1484-c9a3-4714-92bd-bd6a738d81c4,30642,2024-06-30 19:30:08.769180
be62e976-5b51-48f2-8883-8fed97b7a5d7,40579,2024-07-26 19:30:08.769188
0a76e32e-6d84-43af-a15c-cfae3b6a6341,17571,2024-05-28 19:30:08.769196
d57770b3-71f0-4131-b876-08f353976c85,22217,2024-05-03 19:30:08.769205
1ec07c9f-a511-40f1-b4df-6f2d465906cb,12227,2024-04-04 19:30:08.769213
c296b127-5a7c-4af6-b747-f9595355aedb,46189,2024-06-02 19:30:08.769220
b0814f63-00db-42d9-9c2c-90126b5eabe7,19207,2024-12-17 19:30:08.769227
f94b0d27-2638-4468-9e6e-d28186648b03,17672,2024-07-04 19:30:08.769232
02e12e7e-93db-41fe-b2ff-d1a0c9fe4d3c,46783,2024-04-12 19:30:08.769237
0aa2d46f-2681-4fb9-98ea-ba8cc86d5d49,40286,2024-12-13 19:30:08.769241
387ccccc-f721-4b8c-84c9-fea4add99dfe,25051,2024-06-13 19:30:08.769249
b7329483-2583-4f7b-afed-39e13a89d130,33879,2024-12-05 19:30:08.769257
a620b28b-55e0-4285-8f62-3781b0992436,33845,2024-06-25 19:30:08.769265
dbf9096c-a350-4157-8e4d-bb4fa4c158e3,15015,2024-07-19 19:30:08.769272
b405f3bb-5457-4c81-9127-ca1e76c1c634,47064,2024-06-05 19:30:08.769280
a68b9f3f-ca81-46bb-a817-79f978a6a4d3,22425,2024-11-14 19:30:08.769289
0b9c4d3f-d30b-4fbb-8fee-7766bb6aa2e1,26496,2024-08-10 19:30:08.769294
6884fc1f-52f9-44e1-9d9a-268adf5ddf6f,5707,2024-12-02 19:30:08.769299
8ddb11ad-c338-48b2-9e7e-ff7153ae0618,22767,2024-06-25 19:30:08.769303
e0352a7a-95a1-473a-b634-3187ddb528fb,31467,2024-12-31 19:30:08.769308
2842b9f8-970b-466d-9a98-d6879efccff5,22686,2024-07-15 19:30:08.769313
af8a5222-f0f5-4b02-8650-4da7c0f42091,12118,2024-02-19 19:30:08.769317
694e856b-e0ac-4b8b-b635-0c1c87e3008d,16213,2024-07-17 19:30:08.769322
1d206c76-fef6-43e9-910c-eb1f5b335461,36485,2024-04-23 19:30:08.769327
0bd3ea17-c212-41f3-b126-43e52b273f84,20501,2024-10-17 19:30:08.769332
a9dff5ae-a2c0-4268-9d1c-7ee67da74b95,13868,2024-08-23 19:30:08.769337
422b5436-2071-49ce-827c-4560d94f118b,34333,2024-05-12 19:30:08.769341
65288cdf-7427-4b9c-ab96-3f8101538182,47523,2024-02-28 19:30:08.769346
6e50c6ee-d585-4972-be16-65bdec3ccf12,39028,2024-08-07 19:30:08.769351
de0816e8-0a71-4f6e-b15b-691d58bfc835,15545,2024-06-02 19:30:08.769355
4e0c1718-d6fe-43fb-af4c-22bc1943eb9f,5357,2024-08-27 19:30:08.769360
bda9c74b-3000-456f-a6c8-d52abbc49ca5,26788,2024-07-05 19:30:08.769366
868ed829-15ce-4b51-9bd3-16961188070d,43180,2024-07-15 19:30:08.769371
7b9f5fab-6503-4c81-9019-37b06697ce68,41002,2024-11-03 19:30:08.769375
a4ac69a2-3e31-4993-af0f-5e331efd668c,21802,2024-11-01 19:30:08.769380
36d9ebc7-8531-4703-a363-588eb511d030,25339,2024-10-24 19:30:08.769384
dacfaa3a-8b0d-4db4-b731-a4244e6c787b,6593,2024-12-28 19:30:08.769389
678cdc06-1416-43be-aa2f-dfc49c72979c,9602,2024-04-01 19:30:08.769394
ad38c275-8b2e-43fe-a914-df1a4a75f582,14577,2024-05-08 19:30:08.769399
64890211-b9f9-4971-bcaa-974278798db7,35329,2024-05-17 19:30:08.769403
217304ea-767f-4fa8-b881-659f3a70dbd1,15943,2024-05-02 19:30:08.769408
ae7dc7a6-b1ef-482a-a254-7c7eba230d48,38012,2024-06-16 19:30:08.769413
088dda72-6a82-47dc-92fe-4b3c2d542584,9572,2024-02-03 19:30:08.769417
be19929c-3b2d-4e6a-9a82-e6be43beaf9f,21250,2024-09-23 19:30:08.769422
0a21711d-dfb1-4303-8cf4-239acd95ad5a,21633,2024-06-14 19:30:08.769427
f9b27e0c-132a-400a-8384-6a793c513003,49053,2024-03-04 19:30:08.769432
b840e8e7-dabe-4985-9c48-b0feb3111af2,44388,2024-03-07 19:30:08.769436
7241683a-7e7c-4de3-be6c-7ed29b208e2a,31171,2024-03-22 19:30:08.769441
9583a809-2d34-4e9e-b9dd-8c65973f2357,10869,2024-09-18 19:30:08.769446
c44e3b4c-d15a-493d-b6ce-6e2e9ae9412d,10971,2024-12-25 19:30:08.769451
116bb9c3-b312-4890-9183-3a888f5be3b8,18957,2024-02-04 19:30:08.769455
dab0ba96-2541-4e7e-a0e5-195cf82652df,10968,2024-10-18 19:30:08.769460
31516d6a-b26b-495b-abcd-374b8a7398f8,26253,2024-11-05 19:30:08.769465
895854ed-70c8-4c44-b325-e369d4fb1d3c,30941,2025-01-06 19:30:08.769470
a6a6d65c-46fc-472b-af83-2e3c921c18ee,12647,2024-01-14 19:30:08.769475
427cf6d2-8283-4a57-97a0-e16185b8756b,30499,2024-05-18 19:30:08.769479
5a3e534b-b067-40ef-aa4e-d4c3dc0c9014,36785,2024-09-02 19:30:08.769484
1222ce20-f2a0-4fe1-af56-982f296db65c,21457,2024-05-07 19:30:08.769489
9187ae68-5bb1-45ac-b7a9-2a66a3151c85,14000,2024-05-19 19:30:08.769493
5cf4ebaa-a804-48ad-99a4-45815591022f,42909,2024-12-10 19:30:08.769498
af998616-b799-40b2-a748-c505d37995c5,39894,2024-10-30 19:30:08.769503
22f60588-6a15-41cb-947d-5c0e40458859,23588,2024-08-14 19:30:08.769507
b7799a6b-2481-40c7-af07-587a62902e24,11470,2024-10-08 19:30:08.769512
f30f06da-d2d2-4a92-b315-d015405f1e58,20473,2024-04-01 19:30:08.769518
426a1f58-148b-4823-aaca-1722b557603b,21161,2024-06-06 19:30:08.769523
5195d19e-8408-454f-8083-725c869a4bde,25063,2024-05-16 19:30:08.769527
4f968093-a959-448b-918b-2f91d71e44e3,17908,2024-05-27 19:30:08.769532
d7dcfce4-6fa6-495e-bab2-105fbfae3140,16850,2024-06-04 19:30:08.769537
c318fb2f-3fdb-4af8-9199-98a58e32b483,5984,2024-02-25 19:30:08.769542
5990c953-0214-47ac-892f-12874812439b,12187,2024-02-07 19:30:08.769547
18145489-87c2-4935-9515-2955af6b288d,32856,2024-12-09 19:30:08.769551
062ce3db-fb96-4c64-8852-75ece6170c4c,25339,2024-09-17 19:30:08.769556
50d79edb-23c5-4246-9eb9-e467d5767f2d,48613,2024-09-29 19:30:08.769561
610691b1-4cbb-43ea-8cee-dea12b28a78c,43481,2024-10-08 19:30:08.769565
4c311aea-0086-4a87-9453-a871b0f245ae,19083,2024-06-16 19:30:08.769570
64fac3b2-40da-4086-a67c-fe565e0aeffa,48906,2024-05-25 19:30:08.769575
d033f04b-1448-4456-b73a-8cbe36e983ed,30435,2024-10-30 19:30:08.769579
03e94915-5496-42b4-ac2d-fb9cc79022d5,7085,2024-02-02 19:30:08.769584
bc81cf19-b1fe-42e6-b084-50ea2cc6ba58,35837,2024-08-26 19:30:08.769589
1de8d15e-a6e5-4820-9188-a04a582014ff,44301,2024-03-31 19:30:08.769593
d79ee584-4a5b-4858-a644-5c3ee1928f22,21183,2024-02-06 19:30:08.769598
f94baf7b-6ab8-4a58-ab63-05cd47c7d379,40495,2024-01-24 19:30:08.769603
753b1a5f-ef02-4714-8d20-6c13c5e1e6de,38144,2024-12-23 19:30:08.769608
ed651798-affb-4480-ad6e-a7bb34302cc8,44760,2024-06-08 19:30:08.769612
17a8a2e1-694f-46d6-944b-1dd7ffcf3fc0,27084,2024-05-10 19:30:08.769617
0dabd6b3-17b9-4933-914f-78e15f695164,42458,2024-10-06 19:30:08.769622
9697321f-c9de-40ad-827c-3de1a50d647e,6065,2024-09-10 19:30:08.769626
eeb3d3d8-0d09-4719-bbe4-c3784a74e7b2,8682,2025-01-03 19:30:08.769631
36c46d9d-6e51-4bd2-9812-1ea0bbe0299a,37488,2024-04-16 19:30:08.769635
9537049b-4a55-409c-ba33-49dbf81c4f09,36460,2024-10-14 19:30:08.769640
7972daaa-7097-450f-bb35-ca61ffae0d3c,13820,2024-07-04 19:30:08.769645
0d7d0b4e-ec40-4008-b01d-220da7bbe832,23757,2024-09-28 19:30:08.769649
1191935e-01bf-4c64-9cf7-0c63e2417754,28146,2024-09-27 19:30:08.769654
70d3999b-a966-4d78-8dd9-8ba69e208a8b,13058,2024-03-24 19:30:08.769659
1f5fbd69-4562-4fb7-9dd5-4d06962b6101,27852,2024-11-03 19:30:08.769663
d0be5416-4b00-46c9-aa5d-a1cba619c1ff,19118,2024-09-25 19:30:08.769668
dea59186-0c49-4bd7-b394-928688858906,41742,2024-05-06 19:30:08.769673
c94c485a-c728-4579-8b75-5363268011c1,11659,2024-01-27 19:30:08.769677
84784074-1e73-4635-b474-220b98405837,9841,2024-06-16 19:30:08.769682
7c7939bc-ba7e-414f-ad27-97e682034e54,23335,2024-06-18 19:30:08.769687
b37d1264-aee5-48ef-82db-f54167cb86f7,25305,2024-02-25 19:30:08.769692
dfc9262b-39cf-4797-8d2f-aacf682d5044,8424,2024-10-18 19:30:08.769697
c93c7aaf-0134-4ec4-81aa-9b82252ec622,19538,2024-10-19 19:30:08.769702
91a24f33-08af-46c1-acbf-65d4eb21271a,47285,2024-03-28 19:30:08.769706
7522f773-29c5-49de-b252-9afea7b1827c,8769,2024-12-03 19:30:08.769711
a8a09cab-62f5-4b80-ad40-58e10b60653a,36586,2024-06-10 19:30:08.769716
3c67104c-be88-44d7-be26-be0c56ef5518,31447,2024-08-29 19:30:08.769721
9cb6a505-d1fe-434c-b6fe-331b93bc7e51,25015,2024-09-16 19:30:08.769725
abd749ff-d1f6-429c-8dc1-8638f11571a0,40078,2024-06-12 19:30:08.769730
ce6d3e04-8d6e-451e-b231-f77b37cbd8de,7343,2024-08-30 19:30:08.769735
d7e8d345-6406-423f-a0f8-19ae002bde65,8386,2024-08-08 19:30:08.769739
e2656740-41e5-4867-829e-6d65213cdce1,40107,2024-03-21 19:30:08.769744
f64e13c4-9e74-4441-ac4b-a082f7a8d68e,5683,2024-07-11 19:30:08.769749
ef29aa56-2b1d-4d43-90f9-4002a84786ed,30451,2024-08-15 19:30:08.769754
4e86767e-1c5c-41d7-b23d-a0f1abcb1af7,6054,2024-06-01 19:30:08.769758
0f712292-b47e-46ee-bbe6-b0dafd440439,28595,2024-04-02 19:30:08.769763
dea6a7df-5751-490c-88e2-c7b32a9abfa1,25398,2024-09-04 19:30:08.769768
7ce07c73-881a-4f6e-9c8d-973087940816,28685,2024-03-07 19:30:08.769772
b5c0dc03-9a18-4108-974f-b5b346d022fa,5348,2024-06-20 19:30:08.769777
bf41a201-04df-484c-a5e3-15f83b0fe15b,33890,2024-09-13 19:30:08.769782
f0ef35b4-993e-41f5-9316-08bba60caae3,21362,2024-11-09 19:30:08.769787
6c00b82c-fb0b-41b8-8c8b-8d89af7584e5,38790,2024-05-23 19:30:08.769791
ebf47608-15fe-4126-8d0d-74ac75a35007,30025,2024-08-12 19:30:08.769796
4aa0ffed-0f8f-4d79-96c6-45f170f6e9d2,5503,2024-08-17 19:30:08.769801
76fa8583-1344-4cfc-b00c-376b385cf2d8,46045,2024-09-20 19:30:08.769805
0bf2a0c0-37d5-4281-9ef0-2f1c3d2dab4a,49282,2024-07-26 19:30:08.769810
8d6b91fa-f9c4-4fd7-bf1b-fee1c8f73ddb,18576,2024-07-04 19:30:08.769815
7a52dfe1-fe31-4875-9776-8128a1958e1d,38290,2024-11-21 19:30:08.769819
5f4a4e41-2a14-4c7d-a051-9fb6bc511c05,16884,2024-09-24 19:30:08.769824
cd44a531-55ef-4dcd-a4d2-bdabb0eb4363,30205,2024-10-08 19:30:08.769843
2ecc6406-9d5a-4157-8127-020a784a486c,37785,2024-09-07 19:30:08.769848
29090a98-213a-4080-be7c-2e008ed7141e,6268,2024-02-27 19:30:08.769852
f44fdd9e-2c8d-4a70-925b-f742613d78dc,6176,2024-08-22 19:30:08.769857
6c2fb733-7957-4a18-8217-5d8997fff63b,23016,2024-03-01 19:30:08.769862
051d0869-2c7d-4cfa-aefa-1613ed0401c4,17745,2024-12-29 19:30:08.769867
3d0c0e3b-44f3-41b3-8d08-e52a6e56278c,16961,2024-01-14 19:30:08.769871
ebc4ba8a-d8f6-4370-b807-4561d8df7db9,41381,2024-07-22 19:30:08.769876
88920d93-b86c-432b-9668-0863ff3a2488,46712,2024-12-04 19:30:08.769881
674b97ba-64db-4922-9ce8-996046a09d58,44358,2024-09-01 19:30:08.769886
96c5fd3e-9fed-445a-a091-cf71571079dd,11768,2024-02-01 19:30:08.769894
4a65c6d1-9663-452b-839e-2bdc973a3b13,23972,2024-11-09 19:30:08.769899
4d788291-4b35-413d-8b1f-4d4e5499b185,38089,2024-02-10 19:30:08.769904
d02a5b3c-50cb-4a1f-a596-123d4108597b,12626,2024-11-21 19:30:08.769908
17c81b30-c7be-493c-9604-5ba237043951,33403,2024-07-07 19:30:08.769913
a046b3c7-4f33-4b4c-9155-de50628460c2,34032,2024-06-02 19:30:08.769918
0f5cfa7b-a265-4057-b712-7d0d31e1035f,35226,2025-01-03 19:30:08.769922
5cca1553-5588-455d-81cd-dd28ea76921b,33783,2024-03-15 19:30:08.769927
cbf7448d-b92e-4c9f-9e75-645f680d9128,13403,2024-07-18 19:30:08.769932
f8fd3c1a-9604-4697-9864-87b1f79f75f1,47216,2024-04-05 19:30:08.769937
ad0a81e3-3166-4c96-8112-7c10106255e9,34619,2024-01-21 19:30:08.769941
e4c325fc-e482-42e6-96be-8bd4b0a59fac,7619,2024-01-11 19:30:08.769946
6dbd514a-ceda-42b2-99bf-49e9db08b888,6347,2024-06-19 19:30:08.769951
bade87ff-dc8e-4810-bb49-931cde5e3155,8164,2024-10-05 19:30:08.769956
4831f357-5a61-4e2c-9e92-4906c5b12d00,18559,2024-04-02 19:30:08.769960
e46e6157-bbe5-408c-be6f-51adf5d889c8,32788,2024-08-27 19:30:08.769965
af4ea847-1949-4265-aef1-4992c116e781,38678,2024-12-07 19:30:08.769970
a9ec4932-afba-4a5d-a165-96912f7be269,12166,2024-10-19 19:30:08.769975
d840d760-47f0-43a2-8031-beaf129db742,40219,2024-08-14 19:30:08.769979
8b17423d-a742-4752-82db-74b0ba82cb1c,49763,2024-10-06 19:30:08.769986
4c98bb4c-f885-4b74-9ff8-8df30604a7a1,5403,2024-07-23 19:30:08.769990
610872a0-7a28-49d6-97bd-cbb9353ac0d3,15033,2024-06-12 19:30:08.769995
31833e6c-3a3a-480a-aa09-26e76c452346,32224,2024-07-02 19:30:08.770000
dae8bbf1-2624-43d7-bc0c-b5bc55efcac2,23074,2025-01-02 19:30:08.770005
d98c3d2a-906f-41e8-848a-075ba18459b0,8485,2024-03-01 19:30:08.770009
22aae9d8-4de4-413a-9c1f-592105fa17c0,14448,2024-02-02 19:30:08.770014
2e8fc038-d104-463a-bb07-c7cc4ab18f44,25672,2024-12-06 19:30:08.770019
1a1aabce-c3c3-4c68-84cc-5e7a099cb524,18410,2024-11-19 19:30:08.770024
f421b13a-ca2e-486b-bc88-ef84d17a0ff7,19262,2024-09-11 19:30:08.770028
41fc654c-fe04-48ee-ab2c-5537a6db2c27,32760,2024-08-24 19:30:08.770033
b24ce534-41aa-4a74-9586-a871c7454856,14834,2024-09-25 19:30:08.770038
5e5dd604-8601-477e-9ceb-1e76258d1a42,37279,2024-04-02 19:30:08.770042
1d7d9d89-a706-49fe-a566-3c3c50c8a5bd,32928,2024-12-08 19:30:08.770047
17df4cde-201c-467c-bde4-8ffb8293e1d6,25829,2024-09-07 19:30:08.770052
3d341a31-546b-4dda-a2cf-13177fafd9be,27843,2024-07-23 19:30:08.770059
2de47979-ccc8-464b-ad84-51467c3a9b87,39712,2024-12-28 19:30:08.770067
b3b4ea02-7cb9-4d70-8113-3262d4bb9519,24955,2024-07-25 19:30:08.770075
9edcb3b0-60be-446a-96a8-b63690e7c800,39328,2024-02-01 19:30:08.770082
6d36fced-57c5-455e-93d5-45d53e651d65,36632,2024-10-23 19:30:08.770087
3a59eb2e-dda5-4c4e-a9f5-4789da6f2616,42515,2024-12-06 19:30:08.770092
94953248-cfc0-4a83-bf6f-8d176a6de5bb,12154,2024-06-14 19:30:08.770096
787cf6ad-061a-4199-867b-47f346719998,33170,2024-02-18 19:30:08.770101
5e5ace01-6d01-463a-8092-cb539c3a93c3,36163,2025-01-01 19:30:08.770106
3af60662-d41b-4f21-95cd-f4090fb69b6f,17085,2024-05-29 19:30:08.770110
49f8ad9a-30cd-4b57-81b3-38092201b1b5,32244,2024-05-27 19:30:08.770117
af6193c4-70e8-4e78-ba8d-e7f1f3567793,10327,2024-07-18 19:30:08.770122
114cdd32-81a8-4ec5-8b22-dc53ccb3bc4b,22139,2024-10-20 19:30:08.770126
a91c04dd-6bb9-4ac9-acf0-41fcb4ecb291,30875,2024-04-02 19:30:08.770131
50818200-af30-4207-a7ac-d65b23226363,38264,2024-11-13 19:30:08.770136
381b3892-97c6-4e82-8e74-7980f3953d01,18060,2024-08-27 19:30:08.770140
1a66ea71-65d4-48eb-ba60-9272d2cfe590,20656,2024-05-16 19:30:08.770145
b6520ff5-09a0-48c2-b3ba-1e3f6b9d0c7e,23805,2024-06-06 19:30:08.770150
35d40b67-fecb-4e50-8923-70812f024879,39366,2024-05-27 19:30:08.770154
6129bd9a-c8f8-436b-92ff-263e4cfd86f3,33855,2024-12-14 19:30:08.770159
f8f816c0-016a-4ad0-ad65-61e267bfb82d,9127,2024-07-06 19:30:08.770164
a3f2ec6a-215b-4f08-80ce-5847b99d500c,43319,2024-09-13 19:30:08.770168
a231819c-9196-4abe-9f3b-68f754c9b2b7,8590,2024-06-26 19:30:08.770173
00b9c94f-5840-4e6e-83da-d1e899f35efc,17973,2024-09-15 19:30:08.770178
ae23dffb-86ea-4b36-a692-28ec289f9260,21845,2024-03-12 19:30:08.770182
8654f4ff-dba2-48a3-bf58-c7eb569f3573,42734,2024-09-29 19:30:08.770187
05804c5f-8bfb-41d9-98a4-e6c71841a21d,32281,2024-07-30 19:30:08.770192
6ecf8832-74bd-41b3-acce-a9730d51ba5b,49283,2024-07-15 19:30:08.770196
a6f29dcb-befb-4b0c-af6c-0f3d51083317,21549,2024-04-04 19:30:08.770201
6d138522-0499-431f-8710-7689a64a3df1,32623,2024-03-29 19:30:08.770206
b12066cd-d651-4b96-bb5e-75fd34202b8d,39496,2024-06-11 19:30:08.770211
b4b79608-e435-473c-9dcd-296a6015d683,29080,2024-11-16 19:30:08.770215
1a4438c7-61b7-4bd8-812f-e57f3d53e1f0,9697,2024-11-03 19:30:08.770220
451b34dc-67e8-4dc9-b147-222cee72dc29,20730,2024-12-08 19:30:08.770225
a0c469b2-f91e-4c27-9823-a67a6461d7f8,33245,2024-05-03 19:30:08.770232
fec5d805-7b03-4f32-9a45-39b8fddb73b8,49134,2025-01-01 19:30:08.770240
1b156e79-0adc-497b-8d85-7e7a4ed6835d,36313,2024-06-08 19:30:08.770248
cf967a95-5dd4-4b50-8748-c69da252130f,23557,2024-11-24 19:30:08.770255
8c675a12-3459-49e1-8cc8-651c35c645d9,5037,2024-10-21 19:30:08.770263
b55c371f-0e0b-4786-9b2e-10179704e525,34908,2024-12-05 19:30:08.770271
12615983-750d-4371-b198-078482fb3166,45254,2024-07-04 19:30:08.770279
bbfe5434-2170-4298-9f73-0ca0370aba9d,7021,2024-10-12 19:30:08.770284
06a60872-16ea-4bee-b8a0-0066df43e081,44648,2024-02-09 19:30:08.770288
365b22f5-4bb3-4233-9238-7f72a9db6960,42289,2024-08-26 19:30:08.770293
16ec832b-e571-4fda-8ae8-49f7a91eca15,13839,2024-12-06 19:30:08.770298
05adee4e-0fe9-43e4-b834-3e03f1a224fb,36005,2024-04-03 19:30:08.770303
0af1c0fc-7335-425b-b7fb-9a100befb160,8302,2024-09-18 19:30:08.770307
bfa3b1ab-abdc-4f37-a3f3-5b718fb41a6d,13511,2024-07-21 19:30:08.770312
1a98daf1-b6e9-42d4-b355-bb096901c780,25991,2024-02-05 19:30:08.770317
854456aa-1294-4d39-bdad-706137b1fb6a,44136,2024-11-27 19:30:08.770321
93f57c8e-99e8-4027-a90a-9a237f41c2a5,48513,2024-12-27 19:30:08.770327
0fd5bfdc-66e7-452f-bce2-dc640a49a165,14914,2024-07-19 19:30:08.770335
d1b6614b-538a-48ae-aefd-cf3050830ff8,14948,2024-09-06 19:30:08.770343
290e4752-5076-4c1f-a0e4-0c70e508bb14,49638,2024-02-12 19:30:08.770351
59a1d04d-e80d-4c75-b3b6-2fcc87ef5c29,33354,2024-06-16 19:30:08.770358
1d5e8de9-d674-4272-b7be-369abfa31533,10873,2024-02-01 19:30:08.770367
d93599c5-731a-4b96-bf36-626476786e73,36461,2024-09-27 19:30:08.770372
e1070718-e6f6-41f2-a294-3444d10062ff,12498,2024-09-01 19:30:08.770377
6788fbd4-bf38-4feb-9d39-5866fa72fa2e,28556,2024-11-30 19:30:08.770385
7a00a399-3e80-4052-b30c-a02f631c9920,37606,2024-12-17 19:30:08.770393
f52a9c77-36c1-4e3a-bbfa-76a56e4290d8,32091,2024-05-02 19:30:08.770402
88b7095e-ec97-42f1-9f70-08dc2fc2320f,10635,2024-02-19 19:30:08.770409
5e9b3a20-315c-48c6-8a77-07563f07a092,38532,2024-03-25 19:30:08.770414
28283418-207b-4545-9861-26c90cdb9cbf,27690,2024-06-21 19:30:08.770419
c1d62e0b-8648-4a56-92c1-c57c014818f4,22036,2024-08-07 19:30:08.770424
a0d90aca-b4de-4fad-99f4-a71b29db5c4e,49562,2024-11-15 19:30:08.770428
06f2a720-ef5a-4ba6-9c8c-04f4a470d0ba,15321,2024-09-25 19:30:08.770433
dfa9a5e8-c468-42f1-8275-46a001763c73,34152,2024-04-24 19:30:08.770438
dce5d6cb-07f1-4b51-9bca-ec7d35d73a24,25348,2024-06-23 19:30:08.770442
af7d6ccf-1425-4060-9c82-f92dce9d055e,25995,2024-02-18 19:30:08.770447
4d64b6b5-4b00-4b6f-aa96-9e70e601de09,29762,2024-06-06 19:30:08.770452
e0be84fb-143d-4fe9-9dac-2c9279cd1bd8,5145,2024-11-23 19:30:08.770456
a36ef04b-2320-46b4-a38b-2c6346814fbc,10101,2024-09-14 19:30:08.770461
a8d8368c-efae-4539-820f-41041add54c6,9247,2024-06-11 19:30:08.770466
56122100-2ef6-4566-8eb8-9ff6863c304e,14578,2024-08-07 19:30:08.770470
176cf372-149c-4f14-9817-3caa12557981,9188,2024-04-21 19:30:08.770475
5b688a4f-cc6c-49f2-bd83-7f5ca49d2de1,36774,2024-08-11 19:30:08.770480
7120fc65-e987-4aab-831d-f12d1c004f33,48547,2024-06-11 19:30:08.770484
23364457-819b-4fff-b480-1e113ef6db1a,7696,2024-07-01 19:30:08.770489
85e9d44a-6f1b-4601-9320-69a10aa5679f,46008,2024-05-11 19:30:08.770493
612421a7-6cbc-4aaa-a717-026a4f2404d8,24713,2024-10-03 19:30:08.770498
1e208731-3297-42af-9b13-7cb54be7fa4b,49549,2024-12-11 19:30:08.770503
7dc9dde0-b039-42e0-9a16-f19f18ade937,48548,2024-07-04 19:30:08.770507
a7f3db53-7ad8-4abb-a753-6aa61d23ca2f,35875,2024-07-21 19:30:08.770512
e82a36cd-4bf1-4b6d-89d8-094ce9964254,30350,2024-06-26 19:30:08.770516
4d1b946c-5ab1-4cb3-9963-df3b72231e59,9641,2024-08-07 19:30:08.770521
77f776fd-8e76-46c2-89fe-d9fa38bd006d,10559,2024-08-22 19:30:08.770526
291ce337-c12e-4d0e-b1ff-bdc838b8b2c0,39028,2024-03-22 19:30:08.770530
e336b99c-3be8-43b3-9cc4-c56d22f6278a,16631,2024-03-25 19:30:08.770535
ac16cc37-eac6-410c-899c-aa5dc0cfa610,40816,2024-04-28 19:30:08.770540
2453d60b-f747-491d-ba59-48edd818aeea,7023,2024-07-29 19:30:08.770544
8b285515-ba98-4da0-a10c-29311b0736a4,30656,2024-08-28 19:30:08.770549
76ae6275-551f-4765-8d7b-c38ba6551b9e,25654,2024-01-23 19:30:08.770554
4228b9a9-e3a2-4332-bd11-c33743d68f3d,26717,2024-02-15 19:30:08.770559
b6d180c5-a34a-4a86-a921-239ee103fb57,39842,2024-04-18 19:30:08.770563
eece2907-a801-4776-989e-250540a2f146,37550,2024-12-11 19:30:08.770568
d6fc1392-24b6-4ee8-bb62-4ebce8709841,40080,2024-08-23 19:30:08.770573
31fb0922-3696-446e-98bb-0e583f6f84fa,8474,2024-01-27 19:30:08.770577
062f233d-3b96-4746-b7fc-177ec13479c8,19171,2024-03-03 19:30:08.770582
2ac0ef21-a850-4085-b419-4a71b37ba68d,8260,2024-10-16 19:30:08.770587
b762abc1-b7aa-4bf3-b58a-eeb2b4670f24,10618,2024-05-05 19:30:08.770592
5ba30c55-5cef-4d70-ab5d-723401e0c60c,39118,2024-01-24 19:30:08.770596
63a8f5bb-64a4-4ba0-b887-859f1e3e4f2c,14285,2024-03-01 19:30:08.770601
8aefb0ef-7664-4e8a-8e0e-5a70c6045379,43816,2024-05-21 19:30:08.770606
357901d1-849c-4a00-bf5d-39b340b608ca,13141,2024-03-07 19:30:08.770610
29d621ff-8735-4193-b511-2040cc4a4b6f,33352,2024-11-09 19:30:08.770615
84fc8f65-1d2f-4683-bff6-48264267d8d9,49056,2024-04-11 19:30:08.770620
79440937-b029-46ba-b779-45bb3e327f02,28707,2024-06-04 19:30:08.770625
c8a416f9-a9a0-44c3-b5f2-46f24d6f578f,27161,2024-03-29 19:30:08.770629
5ec8f041-609e-48dc-97a5-63acd9637549,6854,2024-05-05 19:30:08.770634
54515b3c-5f65-4747-ad30-169f0cbafa8d,23650,2024-10-29 19:30:08.770639
d6cbfd74-7b90-4593-9613-3140748faf9a,21944,2024-03-22 19:30:08.770643
f1d68908-f92f-4d8a-9faa-f5e9e2a5a74d,12546,2024-06-25 19:30:08.770648
50ec61cc-805d-455a-9944-9f5bd7aac0d4,12207,2024-10-21 19:30:08.770653
d16d9280-a141-4bbd-b0bd-8e6ffdbfc7fe,34268,2024-08-25 19:30:08.770660
62554605-5061-4ab4-82d6-dbd585bb3521,11486,2024-06-10 19:30:08.770664
84656572-6ab6-4246-be96-589612dbc106,36222,2024-02-17 19:30:08.770669
cf285631-988d-41ca-8c2d-2ede405cfe87,34121,2024-09-24 19:30:08.770674
d5c35a47-15a7-4465-98dc-f3fd13de04a9,23767,2024-06-16 19:30:08.770679
87720bce-c460-4572-a5c1-beac7d2346cd,43915,2024-08-10 19:30:08.770683
7ecca2f0-8067-49af-aceb-d3aacf615e42,15017,2024-08-29 19:30:08.770688
2f65262d-fd4c-4d58-9307-2568fa5ea396,20094,2024-07-27 19:30:08.770693
3293c57c-2c6e-4ddb-9a49-84ee3cf25cee,36236,2024-07-13 19:30:08.770697
02ceaefd-4473-43ef-8484-5e6a46836c9e,12664,2024-09-10 19:30:08.770702
b5cb16b7-537b-4d33-9332-099461f984e9,34921,2024-07-19 19:30:08.770707
ba694652-8ddb-4555-8bd2-f3ed96b20033,34845,2024-02-13 19:30:08.770714
3c397316-7ed9-44cb-bd8b-cd942fe668d1,19573,2024-11-02 19:30:08.770722
549b2d47-5502-4cea-9655-63f3dd174956,6683,2024-07-06 19:30:08.770730
48db9509-7f9d-4ce6-beba-4135d88a1787,14390,2024-08-24 19:30:08.770738
891c8e40-93a5-438c-9b19-d8982d3d4c84,38777,2024-01-21 19:30:08.770743
9d66cfaa-d61f-4067-811d-194cebfb25ca,36777,2024-03-07 19:30:08.770748
1687f42b-297b-4342-a5b5-d462b67be682,47667,2024-02-14 19:30:08.770752
9b3637ca-73b4-4b7e-8e18-0ab74f7d3c8a,34111,2024-05-16 19:30:08.770757
7a40f87f-6ac5-4699-99f9-1ca974cb6e17,34980,2024-12-22 19:30:08.770762
5cd0080a-c363-4e28-ae86-3b902af362a7,40380,2024-10-25 19:30:08.770767
a2c5add7-c676-4284-892a-555d12554b48,28808,2024-08-11 19:30:08.770772
20960524-63cb-45e4-88fd-c9622740a1bc,12226,2024-09-23 19:30:08.770776
241df152-3be5-4efa-b356-bf5b1e8ba552,27447,2024-08-09 19:30:08.770781
d1b8f1db-73d8-4ec2-9aec-2c24c5ce6fb7,42109,2024-02-28 19:30:08.770786
8593bdf7-59ea-4bc7-81c5-41f55e7c5b0a,22926,2024-12-03 19:30:08.770791
518eb8bd-97ff-487f-91ac-9de8f8c9fc37,22621,2024-02-11 19:30:08.770795
0edab589-8a0e-4278-a1e6-74f45bf614e6,16167,2024-08-16 19:30:08.770800
4ffe5bd1-0d2f-4131-a586-ea09f8d27c28,10709,2024-09-05 19:30:08.770805
b62955a8-c8d6-4ab2-b404-2ff2ba6a8993,18240,2024-03-30 19:30:08.770809
ee83c866-3612-4e4f-a026-a0583385af33,40031,2024-09-23 19:30:08.770814
d9f25d73-7e7f-4425-acee-257fea4e9f6e,37146,2024-03-29 19:30:08.770819
a36224b0-dee0-4cf5-83ce-58e2f1f09af7,12998,2024-05-14 19:30:08.770823
cd80a2a1-8c5a-441c-b782-55ca65f673f4,45508,2024-09-29 19:30:08.770828
6062225e-343f-49c2-ac4b-dfcbd96f46ef,15812,2024-06-03 19:30:08.770833
4b912cca-cc15-4a8c-8f20-678a25740b69,36101,2025-01-02 19:30:08.770837
e2a6a6e3-992d-444f-9932-bafb9e345f2a,19228,2024-06-07 19:30:08.770842
a47d09a1-6531-4b43-92f8-b235ae1c1f15,29747,2024-07-24 19:30:08.770846
49e48d2e-9aed-4019-9d3f-34e7a82ef823,34790,2024-10-27 19:30:08.770851
e552f53c-59a4-4531-bda9-2be2ed3958f6,6882,2024-03-22 19:30:08.770856
8f6531ae-788d-44a5-a983-3a75e30efdab,43955,2024-12-13 19:30:08.770861
fc920215-c31b-49e1-9452-04d556e35072,23659,2024-04-07 19:30:08.770866
880357ec-88df-47b1-bb19-3d8651bc9ed2,28258,2024-11-27 19:30:08.770871
4ffcacfc-5c6e-4e19-a650-b4d597495eb8,28886,2024-03-08 19:30:08.770876
58267e86-4670-44f2-afd9-f187edc68c7f,46560,2024-10-08 19:30:08.770881
2dfc1b1a-9d33-43d8-9f9e-7a0ce2b1413b,36343,2024-10-30 19:30:08.770885
60c53621-ed86-460e-9380-1007236d0a05,23407,2024-04-15 19:30:08.770890
22cdd08e-b0c2-4f51-95ef-9147c4edb8ad,8950,2024-09-22 19:30:08.770895
96d78a5a-917f-46e5-8d80-9dccbb2ad812,8889,2024-07-12 19:30:08.770899
867675f5-b446-4534-b69f-9b057093f8b0,35410,2024-06-08 19:30:08.770904
88f5943e-cda5-4bac-8a05-0af9c9eaca39,33968,2024-09-17 19:30:08.770909
9204b964-20dc-4166-b1f1-da2a0b5e36dc,23976,2024-07-08 19:30:08.770913
6dc8c6d4-bc04-4797-b645-06cbe2505449,28016,2024-09-06 19:30:08.770918
4b6b9250-f47e-4200-a79c-5aae0ca749f3,14211,2024-09-26 19:30:08.770922
8f356c2f-13e0-4fe9-82b2-7299f47ca2ea,27742,2024-05-17 19:30:08.770927
db095e0e-7c1f-4f86-87e5-0ea987c01d0f,28553,2024-08-21 19:30:08.770932
38a6e1f0-c468-4bc8-8bfb-5aa73ea34d22,34332,2024-03-22 19:30:08.770936
f118051e-8357-46ed-9f2c-aaf31a869e21,18089,2024-08-04 19:30:08.770941
e4ca2690-40ac-4375-be6d-c7a5fcd73fd0,9436,2024-04-10 19:30:08.770946
4cfe1aa3-35ae-41d7-be4b-f1e2d6927748,22087,2024-02-03 19:30:08.770951
f1f8e5f9-0ef4-4707-a201-537c139841c8,30428,2024-09-14 19:30:08.770955
051b461d-e8cc-4d38-9cdc-5ea3dcf29653,13497,2024-11-08 19:30:08.770960
7a800636-b29d-481c-9fa4-4cef218e0c67,33154,2024-12-16 19:30:08.770965
24bbf32b-f45c-4764-acb3-fff4ab293eef,31509,2024-11-10 19:30:08.770969
b95483b7-47b1-440c-bb8b-61d934e486c8,45404,2024-01-13 19:30:08.770974
6154dfcc-68fb-4e7d-9874-13364082934b,49747,2024-02-28 19:30:08.770979
a7eea387-ae10-4d9e-8c9f-26930f0cb664,46833,2024-04-19 19:30:08.770984
35a6556a-1dff-4266-aaa9-8f95d70580c3,39349,2024-07-13 19:30:08.770989
5518d9b6-d07e-4a75-b511-0a7ea35ae430,8957,2024-05-22 19:30:08.770993
ea9d70e1-f981-4f2e-bc91-7dcf73fd9656,42358,2024-08-19 19:30:08.770998
dea2ed10-89c7-4e56-a097-778fb0a3afd1,19913,2024-02-11 19:30:08.771003
6391a29c-d9c2-4432-8f63-888569869ba4,14797,2024-05-09 19:30:08.771007
f1b83bc4-dcb1-4c3e-80cb-85f09fc0d702,12531,2024-10-20 19:30:08.771012
041094cd-277c-4723-830b-ca30d2c0c82e,18825,2024-09-05 19:30:08.771017
d9bc1331-8042-4c84-8390-8823f4c4119a,11911,2024-08-25 19:30:08.771021
6dd366f1-9354-4179-8424-6532995c551c,37316,2024-11-14 19:30:08.771026
5382e5a9-c27b-4e2a-9bce-50f261db7dc2,10731,2024-06-10 19:30:08.771030
c8b31891-4ec6-4d4c-acd1-1971176bfaf4,22279,2024-10-07 19:30:08.771035
14d67ac7-baf2-4e06-9c57-d425c5f3872c,49223,2024-03-23 19:30:08.771040
a0ca1eba-0574-4674-9908-d5b50cf7faa8,29416,2024-09-03 19:30:08.771044
2a0a6cdc-7b40-4bd1-bd0c-2f2471f84581,33000,2024-06-06 19:30:08.771049
f3e54a6a-ab95-443c-b070-401830c57fc4,17045,2024-06-24 19:30:08.771054
cff1b989-14bb-4657-86cb-c99622ded790,41299,2024-12-20 19:30:08.771058
8531ddae-449f-4a93-abb9-ab484ab941b8,15666,2024-11-15 19:30:08.771063
80f8deb4-f75b-40fc-ae89-00ae09f4560a,23245,2024-05-08 19:30:08.771068
8cacca34-9da4-4eb9-9057-f6b5a83d64a2,37566,2024-05-03 19:30:08.771072
9c25cb3b-ab4f-4a6b-83ec-f15647417c0f,32339,2024-11-10 19:30:08.771077
dd674c4a-cc01-4c06-b203-32dd1f544f46,9852,2024-07-30 19:30:08.771082
0764c335-63c7-467b-9dd2-09c5ef3b34e4,21414,2024-06-21 19:30:08.771086
9d511011-e606-43df-aeeb-2c0a11076657,19281,2024-05-27 19:30:08.771091
a8478e0a-1d66-47e1-b949-4ae5b2b9173d,33031,2024-09-02 19:30:08.771096
39f6e1ba-5a6d-48af-aa10-735999d4fde6,21626,2024-11-25 19:30:08.771100
af32eee2-9017-493c-890f-4364b7d9e9f4,28302,2024-06-26 19:30:08.771105
774648bc-cc0a-4bb8-8102-542368dd7e4c,35112,2024-07-27 19:30:08.771110
951be483-9d15-4e67-8209-7f91393c2a13,10511,2024-05-07 19:30:08.771116
e1092264-3345-457a-9dcd-95cbf1dd283d,43276,2024-05-28 19:30:08.771121
198a89ba-f0bb-4d11-8ef7-051da2aaaac0,9668,2024-04-04 19:30:08.771126
4244d1cb-31f0-4c09-9ec0-0f14fa2fee44,11087,2024-04-24 19:30:08.771131
fc917d56-e3a4-4391-addf-fc7a66530e62,12015,2024-01-28 19:30:08.771135
ece0d64a-4b8b-44cd-bdeb-c3381b1b9fd0,36419,2024-06-26 19:30:08.771140
5a0c1888-a2c5-4c99-ba8d-e443a8acb664,44430,2024-09-24 19:30:08.771145
346e7b22-f2d4-46b3-bcd6-968ccdd1ce87,36314,2024-04-15 19:30:08.771152
8a79b4ad-6d75-4d38-af48-46ad1f603642,16614,2024-05-22 19:30:08.771160
87754415-cf7d-480a-ab06-a16813aa41e1,9003,2024-09-30 19:30:08.771167
ed227415-5d51-49fc-ac7b-4c95480c932c,31235,2024-08-02 19:30:08.771173
78421c7b-d537-4fff-a044-cbc2b6a82705,38366,2024-10-06 19:30:08.771178
ec1dbe87-22dd-40a0-9c1d-c4901274f95d,37837,2024-06-16 19:30:08.771183
42f9285e-ef66-481c-8e28-b84ede605a91,13139,2024-03-02 19:30:08.771187
129a46ec-28ff-4205-9b75-ed42f8ccf481,14585,2024-05-19 19:30:08.771192
3112083b-a175-4060-908a-7126097e7752,8659,2024-02-17 19:30:08.771196
2458f155-7054-4e5d-a0b6-23b18b08010d,31225,2024-08-08 19:30:08.771201
692a7265-6b2e-4d50-b3a9-2ecaeea0f0be,10634,2024-10-01 19:30:08.771206
5b61fbca-072d-48e1-b2fb-baf30e458d09,44590,2024-05-16 19:30:08.771210
1973cc1d-beda-4f13-b60b-ee948b1817b7,8682,2024-09-24 19:30:08.771215
61871067-0b9a-45f0-ba73-4a7d4d203667,40451,2024-01-29 19:30:08.771219
059d32d2-37ad-4ec3-8b2c-80720282434c,9562,2024-01-11 19:30:08.771224
87feec17-16ea-4bb1-8bc2-ca6ed9a2a128,9652,2024-09-01 19:30:08.771228
4bbc9196-8280-4c5a-bc7d-f0cfae35b23e,26315,2024-03-16 19:30:08.771233
d004694e-8029-49a5-abeb-fc2f38790ab0,14502,2024-11-27 19:30:08.771238
add9fd7b-16fd-411d-a291-61a3f99f7110,9713,2024-11-07 19:30:08.771242
91e1ef52-add8-4562-b786-992cbf4bd3e9,10413,2024-10-28 19:30:08.771247
3434688d-e4a4-4ee2-a1d9-2ef8d2acd0fc,26984,2024-07-07 19:30:08.771251
f65528c9-1785-4062-991e-aa116b8c0de3,25487,2024-09-14 19:30:08.771256
ca96ad56-28d3-4b3c-a802-c7501f543e4b,7075,2024-03-11 19:30:08.771260
64f0eb5e-fd65-405a-ae43-d8914e1f91be,38550,2025-01-04 19:30:08.771265
cbc9e1b3-32eb-40b9-9ee0-65b7eccb35d6,25190,2024-10-25 19:30:08.771269
4faf5796-0c8e-4a63-8fbd-7ba6fee423c9,37263,2024-03-24 19:30:08.771274
b45b9089-2c6e-4f7e-bd4f-b4d56b2b0fc6,47293,2024-01-26 19:30:08.771279
fdf6fdcd-f9fc-4fdf-8538-628da7090752,16909,2024-10-18 19:30:08.771283
66440247-b510-4408-ad84-964b1ded00a1,34212,2024-11-10 19:30:08.771288
4779f96c-9669-4371-bc5f-dd90cb66cf32,19962,2024-09-24 19:30:08.771292
4f0a8c83-d525-4cbb-8278-b0c7418597f2,20853,2024-09-14 19:30:08.771297
158e1377-5d1e-42b2-962d-fc9538469205,39822,2024-03-08 19:30:08.771301
1cd5a268-4204-4b65-a4aa-f32a4545003b,19375,2024-01-28 19:30:08.771306
6c38ab0d-da5b-4725-9350-64cf031ae6fc,49361,2024-10-19 19:30:08.771312
f1f989d7-98c3-4b37-ae85-d2ac623b09c7,7109,2024-02-29 19:30:08.771321
6e60ea0d-a5d9-4cdf-b1f6-3e320a356395,6320,2024-02-24 19:30:08.771331
0036b984-e2fe-493f-82bb-1e0ab48e8bfa,20987,2024-01-14 19:30:08.771339
aaaf2622-daa7-40eb-b9a7-feae80271bac,42185,2024-08-21 19:30:08.771347
bc5a4505-b56c-4b89-9d0c-e76f69bc4978,8699,2024-06-01 19:30:08.771355
af61ca03-58f7-4176-81ee-63be574d5334,33209,2024-10-31 19:30:08.771360
5c8c61f9-2465-4b88-8b77-c885cc92cd94,44330,2024-12-28 19:30:08.771365
31c2a32d-b262-4bff-8058-152be844c373,27547,2024-03-18 19:30:08.771370
c8158ac3-99e9-4f95-a6ef-7d2015286fb7,27939,2024-09-26 19:30:08.771374
8c3e4262-7f8d-4842-a0d2-465448b0b209,19202,2024-06-16 19:30:08.771379
d1f615c2-95bb-4236-978d-0f8c08826aff,34220,2024-11-05 19:30:08.771384
31959c52-b3ca-46b5-a78e-e9c3ea332e45,26762,2024-11-07 19:30:08.771390
c61ca2a1-675c-4bf1-a080-65bf2db3a5a5,13796,2024-07-15 19:30:08.771395
a59ccf8d-7cc5-4e13-b269-101128cf4787,6722,2025-01-01 19:30:08.771399
3488aee8-ec4f-43c0-be21-bd8ceb2c62f9,48364,2024-08-03 19:30:08.771404
f61119fd-cd05-48d5-b216-5e0e3f4f2aa5,16674,2024-12-29 19:30:08.771408
6a7844a6-d834-41f9-b10e-01f0c7574f4b,7812,2024-04-11 19:30:08.771413
01711cfd-9bc6-4e8a-821b-e60b49b795df,47541,2024-10-06 19:30:08.771418
82b6e574-71c1-4449-8b0a-7eda38c9a540,7278,2024-08-07 19:30:08.771422
a28265a3-f6d8-46eb-bd6c-09e75ffd5833,40118,2024-06-17 19:30:08.771427
7916083e-7c27-4f0e-870a-1465381be52f,8623,2024-09-16 19:30:08.771431
65bfcaa8-e387-4a78-b19c-49fa85f19dac,11530,2024-10-14 19:30:08.771436
f5a4ec85-9117-46ff-a41f-84cf65cc1ea8,20987,2024-03-03 19:30:08.771440
3c0c3e92-5116-4a00-a0c3-939faebc85ae,5924,2024-06-26 19:30:08.771445
11044f34-b942-4770-bd66-ec6c43100bec,24546,2024-01-25 19:30:08.771451
b7c8c46c-7944-4288-9d7d-6e60c71b1001,42297,2024-10-03 19:30:08.771459
ad702ce6-87a3-49b6-9608-7e88400c7021,17270,2024-12-21 19:30:08.771467
5ed84433-4795-4849-bd8c-ae8749e6a7fd,23953,2024-03-02 19:30:08.771475
cb5681da-e02f-4598-b65f-ef4373ac6f99,40583,2024-12-24 19:30:08.771483
786d02e7-af95-4ff8-849e-404ac580e16d,28356,2024-11-25 19:30:08.771490
5670c14a-30d3-4925-9f43-3da44d0bb978,9578,2024-08-07 19:30:08.771494
a4366aa6-a96d-4fcb-8a29-3d33eea44e4d,9462,2024-05-23 19:30:08.771499
f41394c8-731a-4171-ac30-9f5ae67c2eb8,5888,2024-08-05 19:30:08.771503
61c67d13-8e30-4e91-8ae0-a8d149ffcf60,27332,2024-09-18 19:30:08.771508
53a817a8-1855-46b1-8847-9d711b7fea3e,24862,2024-01-16 19:30:08.771513
df4384e6-9d0f-4829-a882-ae14004d8bf9,24973,2024-11-26 19:30:08.771517
4c5a5803-5c2d-434d-8a6b-696b3a49a814,6723,2024-01-10 19:30:08.771522
141407a2-d93d-4890-bc79-2d1f0582acee,28410,2024-01-10 19:30:08.771527
6c68c484-3141-4e82-9b55-b75dcd720536,13602,2024-09-21 19:30:08.771531
0e22df08-778c-4882-b1c3-a0b32509439f,23614,2024-09-20 19:30:08.771536
6e801e97-6cb1-486b-af50-cfd32168d15c,49154,2024-05-31 19:30:08.771540
773c84bd-3ff0-4daf-bed8-ce57041fdf14,23444,2024-04-19 19:30:08.771544
293ccf4c-6266-4c7c-9043-d67f14e5f1ba,7613,2024-04-13 19:30:08.771549
b20653e5-dd3d-47a9-8ee5-4d422aee80d1,47772,2024-06-11 19:30:08.771554
ae14c660-6e2f-4be8-8661-fec1bffebda1,28082,2024-03-01 19:30:08.771558
84765519-590a-4947-ad56-a877a7694ba0,20980,2024-04-26 19:30:08.771563
c9774e1d-4783-4772-a196-906b7e2ded9f,49866,2024-05-07 19:30:08.771567
dedc56af-e210-46e8-bd57-180c494b1df0,5677,2024-11-15 19:30:08.771572
6cd47221-f216-440a-b70b-bd72ab9a82e9,16102,2024-03-06 19:30:08.771576
5d5a90af-ee79-4d87-a3d9-957174255a37,45498,2024-01-25 19:30:08.771581
72b7ef72-0b43-452a-bb73-721b8fcbcf8e,48211,2024-10-29 19:30:08.771586
244c89d7-fa9d-4b87-94f6-0b9c2177ffbf,8004,2024-03-19 19:30:08.771590
97b05624-9524-41e0-aa1a-209dc3589f2b,13986,2024-06-10 19:30:08.771595
9825e9ad-b086-411d-810e-d71f40d700de,38496,2024-03-20 19:30:08.771600
070f2b31-69dd-468a-adc0-4313c213b136,31269,2024-07-22 19:30:08.771604
60811ebe-355b-48e5-a8df-93da5a400283,19173,2024-05-08 19:30:08.771609
97aa67ac-b449-4365-9e3c-6e8fbc9775ee,26118,2024-08-21 19:30:08.771613
16449791-ab12-4f41-946a-2a6238c2160f,37958,2024-09-27 19:30:08.771618
b83ec92c-b5ca-4576-bef5-510f1b225a12,19089,2024-09-26 19:30:08.771622
c990b03b-1ab4-40ba-b8b1-b07b43e50776,47956,2024-05-14 19:30:08.771627
457cfee8-548e-410e-ba60-45387e35960e,48067,2024-03-04 19:30:08.771631
3e01097c-3bf8-4472-8baf-299d4d0a39c4,25250,2024-02-23 19:30:08.771636
67bf4162-b820-406a-b577-9c7145db27c9,31065,2024-04-04 19:30:08.771641
19058e1c-d959-485d-9d17-2f2246a0a307,18690,2024-12-18 19:30:08.771646
f9f3d88d-c7c2-44b3-84a0-5041a7a79cda,18740,2024-10-23 19:30:08.771650
de347f0b-f0ad-419a-89ca-c16fdef5c257,48069,2024-03-14 19:30:08.771655
5cff963b-e22d-402e-a61f-9c42d27e615b,43807,2024-06-28 19:30:08.771660
1e0e43c1-be0d-41b0-ae01-f715085c8753,44213,2024-02-24 19:30:08.771664
4a93b877-0094-412f-b8e1-31d8bb92850f,46597,2024-01-22 19:30:08.771670
9f7c70af-f9f3-4d51-9d9c-ceaec7417d95,9045,2024-12-19 19:30:08.771675
136483cc-1cdf-4c25-a3d3-56900f412f76,10624,2024-08-02 19:30:08.771679
1cb929a7-6c90-425c-9cac-8a7c28b7be38,25542,2024-05-22 19:30:08.771684
7cab6e9d-7129-4069-8872-1f0599fc93bd,48779,2024-01-14 19:30:08.771688
bcfc7f47-e437-45df-b1dc-ab03733a991c,25495,2024-03-14 19:30:08.771693
42a6551d-c3a9-4784-b806-b16ad9a6e3b6,44602,2024-11-26 19:30:08.771698
5164bd42-7b0c-4e84-8aec-0a1445979e2f,14033,2024-03-18 19:30:08.771702
78c7932b-28e2-47d0-aafc-147ead72b15c,26604,2024-01-23 19:30:08.771707
3751d00c-51dc-4a6a-8dc2-143953463198,25442,2024-07-13 19:30:08.771711
82b834ec-d278-4605-9940-b71174ca90c7,8247,2024-09-30 19:30:08.771716
0bd6f4d4-393b-4746-807b-f57bf00c08ef,45748,2024-09-16 19:30:08.771721
ae5387b7-4bec-460d-8704-5b1bf6f465ec,30474,2024-06-10 19:30:08.771725
3d9ced21-6f45-4a50-8651-afc564ebbeec,10586,2024-12-22 19:30:08.771730
42a32448-0a25-4a84-ae26-973e4ccb9d9f,12940,2024-12-13 19:30:08.771735
d664db63-649f-402b-b776-0b86589aeda3,23606,2024-01-17 19:30:08.771739
5be9c653-538f-4300-b7b9-5ecb8732820b,47217,2024-03-30 19:30:08.771744
1d6922c4-1a34-4f9e-81ca-7a3c4955ff98,45747,2024-08-13 19:30:08.771749
d7b3f562-04ad-4691-9425-c611a785c46c,39282,2024-03-30 19:30:08.771753
5ca8dc85-81ae-443a-84d1-46ce5eb8fdd8,7883,2024-08-25 19:30:08.771758
47c6f5c7-a511-4af6-8901-140d003d6dad,41594,2024-07-04 19:30:08.771763
ef46ffbd-fe14-4887-ad24-50747f7aaddc,35495,2024-07-03 19:30:08.771767
e544a0ea-5010-4ca0-942e-22d44b543d48,17567,2024-06-24 19:30:08.771772
0e031b80-443a-4e18-b271-ca6c4ee04855,9339,2024-09-29 19:30:08.771776
887667c0-4840-49b4-a3b4-d0b968b41c2f,38442,2024-10-10 19:30:08.771781
d034bea1-2aa6-45b4-8157-90170a28cc69,27673,2024-05-30 19:30:08.771786
43e912ac-b064-4301-8d6d-c5c481d04ba0,20426,2025-01-04 19:30:08.771790
12c923ed-0886-4a4c-9d86-f2e4b2f3c8fe,21486,2024-01-22 19:30:08.771795
b70e800c-072c-455c-9238-6b27904f013d,15549,2024-12-25 19:30:08.771800
28fa16a2-1c06-464a-8a46-60f9930f4575,8993,2025-01-04 19:30:08.771804
a2ff7421-7b71-4aa1-8c5b-34ccd4a8d58b,17219,2024-05-24 19:30:08.771808
e3fb904f-0192-45af-b126-9428b3ad5e8f,8708,2024-01-18 19:30:08.771813
fa207331-95cb-4a16-a00d-12610938839f,33788,2024-02-07 19:30:08.771818
b3ac81ae-746a-4997-8db8-d6f5fb961562,6495,2024-09-17 19:30:08.771822
c100a2c3-0376-48d7-bba4-67dc14d489e2,34434,2025-01-05 19:30:08.771827
cc789d5d-0dd4-48bd-a16c-3df851578cb3,41160,2024-07-09 19:30:08.771832
91f1325e-f6a8-477d-8513-4d23ff36acbb,49466,2024-06-10 19:30:08.771836
020fc391-e491-4811-98ed-71e515cb130e,12537,2024-05-07 19:30:08.771841
038c52bc-d2c1-400e-bd21-f3b731b02a1a,40553,2024-12-06 19:30:08.771845
1c3157c9-fcac-4b0a-a8c2-fb17af8b5f70,27203,2024-03-19 19:30:08.771850
fdfa90f3-6c10-48a2-b546-da33e98ca745,10588,2024-06-27 19:30:08.771855
732c7626-3729-40da-b1bd-792c524785bf,33308,2024-09-04 19:30:08.771859
a880a365-306e-4c44-9753-62bacf77e110,42570,2024-08-20 19:30:08.771864
101b2ebb-5839-410b-a49c-a57f1068dba5,20211,2024-08-26 19:30:08.771868
46ab4c8a-bb95-4f87-b599-b9e5e7ca54f8,42659,2024-09-03 19:30:08.771873
59683ee0-e58c-4ea7-b80f-b1dd5338da75,8525,2024-02-21 19:30:08.771877
336ff2d7-7ae5-43df-b639-9140fdd1ec9b,24901,2024-07-19 19:30:08.771882
f3f80352-edf6-4ded-ac7b-296c2de2fc30,9777,2024-06-05 19:30:08.771887
dc946599-e4d7-4b02-8463-992a98b1343f,9189,2024-09-17 19:30:08.771892
b183682c-6d7a-4f16-8a83-4b10d06d78aa,28317,2024-01-25 19:30:08.771896
39c8fb3f-fd60-4c8f-be15-2ecb97e1c12c,36501,2024-12-28 19:30:08.771901
9cdaec1e-a5e2-43a5-9f89-b5b64ed85d19,23297,2024-05-10 19:30:08.771905
f3e1c0d7-7a70-455c-8371-e7cfb1a35f07,15649,2024-11-18 19:30:08.771910
7eef3d88-4fc5-46a5-873c-622292da8266,28719,2024-07-07 19:30:08.771915
27a5b4cc-6d44-48f6-aa7b-f168a91cd6f1,6150,2024-05-21 19:30:08.771919
c8c506b5-c816-4fd2-a9a1-467237cf41ee,19301,2025-01-07 19:30:08.771924
1c2a3c66-0c66-4d58-85ac-d14d7c9c06bd,33434,2025-01-08 19:30:08.771929
5ca95136-048e-4802-b180-f7562ca40e28,41905,2024-05-15 19:30:08.771933
75a3d266-54ec-407c-8c6d-8e5f7779609d,25520,2024-11-15 19:30:08.771938
b319e84b-ad55-4d86-ab7e-b119aed9ab2b,6510,2024-06-03 19:30:08.771943
5d7e85ca-8ccf-4758-8754-64f0ebd1383d,33546,2024-09-27 19:30:08.771947
12263ab0-2488-4400-bda8-87b5ebddea49,18982,2024-01-20 19:30:08.771952
53ff6799-67cc-49d8-a746-4e9cb0ea3ccd,8915,2024-02-20 19:30:08.771956
b491b534-d188-406c-8c79-cffe30ddba06,19734,2024-02-06 19:30:08.771961
9e5cfc22-059e-4b5b-9a8a-5d5b0ae94b7e,27709,2024-03-09 19:30:08.771966
25f8f05a-f1af-4e90-9343-01998bc99c05,24636,2024-04-07 19:30:08.771971
bede82a2-fe70-4cdf-8dfb-486ba1ebc9c2,37684,2024-12-30 19:30:08.771975
08f0d972-bb18-471f-b19d-35a9fbd5c4ed,15957,2024-02-03 19:30:08.771980
0b80d472-54e8-4c70-94e0-d5922e12ea8a,41706,2024-09-27 19:30:08.771985
f7f820f5-eac8-4a32-9f4d-9650aae2537d,38841,2024-01-30 19:30:08.771990
b414fdf4-3dd7-4e40-bd06-2aac1af79ea3,39960,2024-06-25 19:30:08.771995
c40aa167-5a59-4974-b9e1-d5c07a5512e0,45975,2024-12-26 19:30:08.771999
b23e493c-eff9-4f6d-b94e-20d3f7803b90,36828,2024-07-25 19:30:08.772004
08448d56-e1c6-4a19-b64b-a79dc30300a4,45151,2024-01-15 19:30:08.772008
c50794d1-b182-42a9-9ff6-f2e6c18dc3c5,33129,2024-02-06 19:30:08.772013
81f60645-c475-4f6c-ad1e-5d4008de7fa7,42939,2024-12-10 19:30:08.772018
8f79c480-e995-448b-a926-acc5c861ac5c,13298,2024-12-26 19:30:08.772022
11f1debc-42bb-46fd-b0e9-647a32d7f171,11480,2024-05-16 19:30:08.772027
2e11c3e7-480d-46ed-b900-cfa3197d3d99,32544,2024-11-08 19:30:08.772032
6d2ed99c-afc9-4fd0-a139-5bbc5044161d,7857,2024-09-21 19:30:08.772036
44d67d33-8377-41fa-a770-35422884f0aa,9349,2024-03-06 19:30:08.772041
d8c32f46-d030-4fc4-ac50-f01204f05279,6428,2024-08-02 19:30:08.772045
863bcf05-8ff3-4d92-8a8e-ffff602648a1,44491,2024-02-12 19:30:08.772050
61244cef-9311-4b0e-bf18-67ebe9a2fba6,28163,2024-11-15 19:30:08.772055
9e2f1f5e-f1d3-4f20-bf78-e02ffb0da708,32677,2024-05-05 19:30:08.772059
d52bb879-64bd-40ff-afef-7e2786937199,35904,2024-04-28 19:30:08.772064
ec47bc3a-e226-4f79-80a4-65b6ce2a6697,20718,2024-12-18 19:30:08.772068
317538e3-920d-4c28-bbe6-3ec3c2750cd1,19809,2024-09-28 19:30:08.772073
a24be701-d9c5-4d65-bdea-2e1a6e5cf66c,18272,2024-03-14 19:30:08.772077
0271b830-6e99-4a99-93f8-043028ec524a,16828,2024-04-20 19:30:08.772082
394e4645-b59e-4fa1-b1fb-142316768dab,49431,2024-05-18 19:30:08.772087
79a0b186-8e19-4120-b716-f16bbe2db7d0,12856,2024-02-23 19:30:08.772092
9016ddbd-fe35-492e-ad7f-a8212127eb22,16223,2024-05-21 19:30:08.772096
38e70984-1bb7-470a-8cb0-d3c4546320dd,44413,2024-07-25 19:30:08.772101
96e40224-1039-48f0-8003-05f9ac1876b1,40689,2024-05-21 19:30:08.772106
009d2d53-78a4-4eaa-9fe5-0da43659cfa1,13166,2025-01-04 19:30:08.772110
8015f1bb-8cb0-43b6-8816-939cde6dcc14,17637,2024-11-25 19:30:08.772115
848a621d-8df4-4441-89be-5d4b929b8bd1,5878,2024-11-24 19:30:08.772119
367139a0-d982-4765-9fc6-4330d56ddd33,15704,2024-07-29 19:30:08.772124
f41633e1-e69e-4431-87a7-d30c72d42bc8,13502,2024-07-24 19:30:08.772128
c0e011bb-dc0f-48fb-9ad9-57a41c2bfa7c,20266,2024-02-09 19:30:08.772133
9bf018df-983c-4b31-a493-b15c028f1921,39089,2024-07-29 19:30:08.772140
d8ca59ef-1a25-4669-9096-099e8c0bd181,49356,2024-04-28 19:30:08.772145
a7c4750d-dbdb-44d9-a879-84af88bb00ec,25759,2024-11-04 19:30:08.772158
e8b81676-7a0e-401e-a64a-f5e89a0c89c6,20046,2024-04-24 19:30:08.772163
d251ab68-88a2-41e0-a395-309ee24b9934,30270,2024-10-13 19:30:08.772168
c4e4085c-347b-4eb4-8c28-775ce635a4e3,15806,2024-05-14 19:30:08.772173
cb5f4ede-b1d6-426b-b5ab-e2f1a483bba8,46230,2024-03-04 19:30:08.772178
d54c3687-3dae-465d-af25-f3ecfeed8f29,42988,2024-11-11 19:30:08.772183
f6475abb-9a32-4911-8a8f-c561c8490d87,40892,2024-07-23 19:30:08.772188
d469e4f9-b95c-4cc5-a2c4-964391869f6b,34512,2024-04-26 19:30:08.772192
72a20edf-b2f1-4a74-b3a9-724d37d231dc,45954,2024-11-24 19:30:08.772197
a685d149-573f-47dd-b52b-91a7d1be1036,10099,2025-01-07 19:30:08.772202
2caa4421-24cf-4249-ad06-c36f63a75d7a,35311,2024-09-02 19:30:08.772220
5c40a486-41b6-4bc5-99ee-501db4cdd7ac,13552,2024-04-15 19:30:08.772225
c7c6ad16-689c-48b6-b63d-ef8d9a9f818a,16627,2024-02-18 19:30:08.772230
5d7d1703-9710-4e3e-b008-74995d5214b5,30309,2024-04-06 19:30:08.772234
51213620-79ef-41b6-9567-72779d53fdc6,6350,2024-12-23 19:30:08.772239
8b2feb47-d504-454b-ad99-b84565946ba3,17276,2024-07-06 19:30:08.772244
ece5684b-7ccf-4136-a636-af63896b14af,16739,2024-02-02 19:30:08.772252
08e4d605-e6db-4c18-b432-2c863d59b9d0,26302,2024-02-18 19:30:08.772259
d3a02b45-f60c-4ae5-a275-5ef2cf6e166b,43498,2024-09-15 19:30:08.772267
9bb71710-5286-4813-b2ca-f9d05f476061,17384,2024-04-25 19:30:08.772275
50ea76fe-6376-4fe9-bdb2-8050493b3243,38094,2024-05-05 19:30:08.772281
b313979c-5c64-4900-8a74-c0fc16fdf6ce,7120,2024-06-25 19:30:08.772285
c1d1dee2-035a-4182-b71d-c6c14b7ddf3f,5993,2024-02-07 19:30:08.772290
8dbd8781-6299-44ca-982d-ea76ceb8f63c,26759,2024-05-27 19:30:08.772295
4d753521-96b7-4669-b951-d166cfe30323,23150,2024-07-16 19:30:08.772299
c806f42b-2618-485f-9b97-0141fefb6323,30756,2024-05-11 19:30:08.772304
b7aedec1-98e8-4e91-92a1-b4d4fae610f5,40549,2024-01-18 19:30:08.772308
5943ee11-b834-4d82-9f88-d2e7c2179252,44787,2024-12-05 19:30:08.772313
5e250c3c-8707-411c-b503-5a26c1d09f9a,40673,2024-08-27 19:30:08.772317
cd320ec5-3ec3-460a-acd5-19821874d50c,13290,2024-03-09 19:30:08.772325
0f5c823c-91f0-4e31-920c-9534cfe8327a,21627,2024-12-30 19:30:08.772331
96845fc7-8452-40b1-ab42-5156d9be52e5,12938,2024-07-10 19:30:08.772338
8510626e-1174-4339-b296-fb12a42deb38,43262,2024-06-21 19:30:08.772345
fdd3cb16-3dcd-4db0-b30f-dc77cd6e8efa,7709,2024-12-21 19:30:08.772351
423dea7f-0116-4bf8-9abe-45238300bbe2,32629,2024-12-17 19:30:08.772358
68eede0d-14b7-4e41-9cb5-bce9963f531a,49186,2024-10-06 19:30:08.772364
13dddfcf-1dc5-4b5a-9e7b-a615ec3662d8,29085,2024-11-06 19:30:08.772370
3c8f1760-3970-4cb4-ba54-70b3d2f1e517,45563,2024-06-03 19:30:08.772377
a98be92a-79d1-4ede-8a95-8fbfbade9f58,35832,2024-10-05 19:30:08.772384
ba8f1704-ff76-49d9-bb9d-722f76da035a,28472,2024-01-22 19:30:08.772391
cd363638-8e6d-410b-bfc2-74c063695808,25762,2024-04-19 19:30:08.772398
46f8280e-07cd-4884-b799-c845bc016518,14507,2024-08-05 19:30:08.772406
2481bedc-dcbd-4b43-a3e5-f5c122af5708,14578,2024-06-16 19:30:08.772414
fe045f25-3f51-4800-90ad-f749c53fce2b,11711,2024-04-10 19:30:08.772422
2bd58bf9-8a7a-4593-811c-9d047b620d75,20979,2024-02-06 19:30:08.772430
ca7a19da-6a4d-4a69-878e-532199edd521,20049,2024-05-08 19:30:08.772435
9157c039-60ce-4f13-b486-a5d3eeb20dbb,29997,2024-06-24 19:30:08.772439
7353baa0-453d-4ba9-9019-896204cd1d69,45830,2024-03-30 19:30:08.772444
dab99719-4723-4886-b3d4-2255963d52e2,20833,2024-10-18 19:30:08.772449
06b37dbd-05df-477a-a669-93ff2a2cdc5c,25185,2024-02-27 19:30:08.772453
72fc9b4c-e8f5-4c01-898e-c69e0e988579,26746,2024-08-29 19:30:08.772458
cd81177c-9ea5-452d-b369-cc45dd092b1e,26857,2024-09-26 19:30:08.772463
cdc8d959-be78-42bb-ad63-740a0341a606,14603,2024-05-17 19:30:08.772467
d4344a0b-3818-483f-8439-80c12cb895f9,16441,2024-11-01 19:30:08.772473
af9ba33d-3d76-469f-8703-f4619a4221a0,9570,2024-07-09 19:30:08.772482
8b525376-69f1-4b38-867f-84ff3c3e55c6,37316,2024-09-13 19:30:08.772490
1478140b-d640-4388-86bc-bff16baf9913,23467,2024-07-13 19:30:08.772497
15a250de-a56a-4956-98f4-7029afe83902,17845,2024-04-13 19:30:08.772505
17a60983-8be4-48cf-8a1c-bbcbb08d578e,49638,2024-10-11 19:30:08.772514
1949d3dd-6765-445f-85bb-545c09fed74f,47310,2024-10-13 19:30:08.772519
85607a5b-89ab-450f-b206-cb47c414feef,31943,2024-10-18 19:30:08.772524
10168ba6-b137-420a-8135-a7811eff279e,9833,2024-12-20 19:30:08.772531
fecc425e-4bac-4e19-872c-8ccaaa412dd8,44569,2024-09-24 19:30:08.772539
27b49df0-000b-41bc-8a96-729604934730,8340,2024-02-15 19:30:08.772547
5a13b704-5839-4894-8989-dce7b36e2a67,48532,2024-01-27 19:30:08.772555
b2ff0e96-1c25-4c31-be5e-555e782b8a20,17312,2024-04-12 19:30:08.772564
efed3fd2-8577-4d14-a12c-85379bc472ce,41612,2024-02-13 19:30:08.772571
fa09aafb-e5f7-45c7-aac3-a6a17158c82b,5639,2024-10-03 19:30:08.772576
58212e0d-5847-43eb-b616-7a36192e42a8,49188,2024-05-22 19:30:08.772580
3c5bf0be-b02d-4e42-aa41-5b49af0bb82d,20211,2024-11-13 19:30:08.772585
783c3c8a-2040-4e4e-a95b-0e2a913beec5,18496,2024-08-13 19:30:08.772589
c998ab4b-d120-4e5d-acf6-2ed677619d44,33845,2024-05-19 19:30:08.772594
8487fbaa-bca8-45a8-9009-4954a200f086,45919,2024-08-25 19:30:08.772599
2a91ede9-764b-484d-b8de-818199a99fa1,35089,2024-04-17 19:30:08.772604
464fbd7f-0b34-47b1-8467-ab897ecc60e1,46145,2024-05-25 19:30:08.772608
98a10199-943d-4729-80c0-75739344c25a,43168,2024-01-14 19:30:08.772613
50ada43c-0d17-4f3f-ad1f-2fb52bd8de36,34672,2024-02-23 19:30:08.772618
a3b56716-3410-4716-b852-eb38f1c727d5,20945,2024-04-02 19:30:08.772623
aad6f781-8ec7-40a8-9b10-2812808b4cf5,22702,2024-06-21 19:30:08.772628
eb34899e-971a-49b1-b3db-0dfed4f69557,13719,2024-05-22 19:30:08.772632
2c719934-b4bc-474f-8ffd-25fa66b03de8,41027,2024-12-21 19:30:08.772637
393c7ad4-221d-4c3c-814f-4207c4bb5a4c,41251,2024-12-24 19:30:08.772641
9beb6152-2065-4945-b9a4-51cda0c1803d,24403,2024-11-14 19:30:08.772646
0deeb3c5-c7bb-4a13-b126-104967502e2c,31809,2024-01-18 19:30:08.772650
e06c3610-ed78-46fa-8120-c3948235aa7f,47527,2024-09-17 19:30:08.772655
dc6c60fa-5cc8-4fcc-98c5-12583dd65721,30150,2024-11-02 19:30:08.772660
9ee27346-94fd-491b-b8bd-c8bce1988e60,15226,2024-10-23 19:30:08.772664
8606cc75-d55e-4a68-8274-499d53a41173,42172,2024-12-10 19:30:08.772669
36b2f460-9a7d-4b26-b937-8cf58dc610ae,47172,2025-01-02 19:30:08.772674
9a7be10b-b0a2-400a-8efc-8125d558dfb5,43705,2024-08-10 19:30:08.772678
4749099d-8da2-48b6-b2f7-4fc53681f622,39202,2024-01-12 19:30:08.772683
4c7de3a0-fc0a-407c-8311-789a740f40d4,13729,2024-12-18 19:30:08.772688
848f6745-3a13-4c1c-8e7c-dc9cf3b2ddcf,28938,2024-12-10 19:30:08.772692
36c192c2-47b9-4c80-b803-3269fdd964a9,42721,2024-07-26 19:30:08.772697
755a5ea3-0d83-4d2a-983b-9ff422b58b32,14766,2024-08-14 19:30:08.772701
ffcdf65a-f988-4521-99ae-cb7c9b8cd5c3,13384,2024-11-21 19:30:08.772706
a0112979-b71d-498f-a14a-7c14005b80b3,30762,2024-02-19 19:30:08.772711
1443275f-8224-4a91-bd0a-b2f9d1b7d5e1,33724,2024-03-17 19:30:08.772716
0dfe486a-f993-4bdd-b607-439af7628e9a,30050,2024-04-22 19:30:08.772723
16350352-b8a6-43a0-9f2c-0fe25f2c6b00,25653,2024-07-12 19:30:08.772728
6fadeea6-329c-408b-ba84-f903e8e92dd1,18507,2024-03-25 19:30:08.772733
4cd45130-5668-44fa-93ed-d54ca8b4adce,12378,2024-09-09 19:30:08.772738
7a38c320-7c50-4fa6-b213-8033d7903516,47773,2024-09-07 19:30:08.772743
147d1bfc-a14a-4b57-b9db-ecb34f3fce8f,40205,2024-04-18 19:30:08.772748
783aea1b-71bb-4938-8540-6cedcc262ecd,16571,2024-12-12 19:30:08.772752
7a3a1a2a-acba-4aa4-953a-579558d21eae,42320,2024-04-25 19:30:08.772757
fd3a7c70-ae8d-4c8f-b5a4-bdc568e1b9db,35190,2024-10-24 19:30:08.772762
58259190-8975-4006-8df9-31b5640d0f58,28580,2024-06-29 19:30:08.772766
7ccc4105-58bf-45f7-8745-5802f05cd953,41522,2024-12-05 19:30:08.772771
cbe3eea9-cc92-4c70-b222-3fa6c15d1184,11265,2024-09-17 19:30:08.772776
cf6ba34b-acaa-43cb-abfd-b365a5955e27,49489,2024-11-08 19:30:08.772780
493c342f-6476-4de1-9346-9f340b8f0e4b,11741,2024-11-18 19:30:08.772785
0888c9b5-0437-4af7-bcec-9e90c1f5f6ce,6837,2024-09-15 19:30:08.772790
605de4ce-3810-47ea-919a-5da9cd5ae2b0,22409,2024-11-23 19:30:08.772795
ef7b64ed-432b-4c85-8490-5487e2a92cee,22042,2024-09-30 19:30:08.772799
212cd2ba-96aa-46a2-9f1f-798852a19d22,22061,2024-04-05 19:30:08.772804
03ef4c3c-0fd7-4479-9403-7d8f15a19153,33986,2024-09-24 19:30:08.772809
4c335ba4-43b0-4245-9759-f43d6b602141,25205,2024-12-05 19:30:08.772813
9e5334b5-5460-423b-a5ec-5318af211875,40143,2024-01-16 19:30:08.772818
8bffa8a2-f18f-43b1-90c1-ecf64ad99d0b,11859,2024-03-27 19:30:08.772823
e244f9ec-93fc-4cb4-9381-5850ad990367,39356,2025-01-07 19:30:08.772828
6eed61e7-da29-4366-83b3-45b32fe391eb,25965,2024-05-15 19:30:08.772832
58411d8c-afe4-4c66-ad7d-190ddca53a85,17854,2024-04-12 19:30:08.772837
cc2d69a3-fb14-4147-9dcb-6fbb00b5debe,38013,2024-08-18 19:30:08.772841
8f5e3829-d84b-43b8-86e8-5254245e9b9c,36654,2024-10-09 19:30:08.772846
8a4c573e-e16a-4322-a49a-e8a19c68bb21,46848,2024-06-02 19:30:08.772851
7ed61dcc-cb29-4cd9-90ab-87c8c2c9688e,48171,2024-11-16 19:30:08.772855
304c5f11-6ce2-414c-a583-7cf52726d319,28054,2024-05-26 19:30:08.772860
d076dd58-86e5-4df0-b3ec-1f0ad769f412,13192,2024-12-07 19:30:08.772864
a5bf9824-b3f5-4a0f-aa2a-2a3f97d826ab,7184,2024-06-09 19:30:08.772869
202d2c55-9918-4336-b186-d1ce89898e80,41019,2024-08-26 19:30:08.772874
70bc4ff2-df92-45b3-b080-67e6d58d1b85,21281,2024-05-06 19:30:08.772878
8782af07-f6ca-460d-9d25-8d07287553fd,10863,2024-11-17 19:30:08.772883
fcef3fcc-7d49-4066-9c9d-092f78aff9a0,14702,2024-11-06 19:30:08.772888
a9ccbb51-d77f-4d02-acc3-4d568fe7207a,41539,2024-03-01 19:30:08.772892
d64a9f7a-dcea-48e8-9c85-361275b28681,18536,2024-12-03 19:30:08.772897
c3b95775-13d6-456a-8bbc-83b7e951ed80,47088,2024-06-11 19:30:08.772901
65236db7-795e-42b0-9700-f7bdb45098d4,21077,2024-12-28 19:30:08.772906
a0e625fd-2db6-4bb5-831d-80caf0c81e38,30273,2024-10-17 19:30:08.772911
36c9cce5-248c-4eb7-b211-376b98ca6108,36052,2024-10-07 19:30:08.772915
4d831bee-4fdc-4fe5-97c7-ebbf141dcdaf,7419,2024-02-02 19:30:08.772920
762f6efe-bc3e-410d-971c-b389054fbae9,18518,2024-06-16 19:30:08.772925
4ca1d6b6-2e59-42b6-84fa-fa3214eb0073,12396,2024-12-02 19:30:08.772929
d96c569f-fb2e-4df6-b795-96a79c292ee3,24012,2024-01-27 19:30:08.772934
114c95c6-470c-4fbc-b5f7-2a154aef2acf,45077,2024-06-20 19:30:08.772939
dd93cb7e-f120-4237-adf7-72e6f7f00874,16981,2024-04-14 19:30:08.772943
4b76eaaf-05da-4a96-9443-ac61013259b8,38453,2024-10-26 19:30:08.772948
6079097f-66a4-4893-bef2-407c58e4a2f9,7756,2024-09-03 19:30:08.772953
63fa6826-363e-4523-8f44-b5cb3c6f1aac,10023,2024-02-15 19:30:08.772957
5ae51d4e-f24b-4a09-9ec1-01df7b4c6502,31418,2024-08-10 19:30:08.772962
3af46a28-b596-44c0-8fd4-c882a44d2031,26219,2024-12-30 19:30:08.772967
2fc07091-ff44-4c35-a3e8-1f6981465fa4,23356,2024-12-02 19:30:08.772971
e64e7250-8cb0-404f-93c7-8401f1af2bf5,22094,2024-09-26 19:30:08.772976
eb48922a-9897-4e32-b74c-6b2f04fa41a2,42853,2024-07-28 19:30:08.772980
ef106857-25d6-4828-a58b-fa154453ea4e,10646,2024-12-08 19:30:08.772985
012f7748-7409-49da-89e3-9f8acd4845ff,48927,2024-06-11 19:30:08.772990
5cda2dc4-96e0-4505-8ac3-86c991104282,16991,2024-12-26 19:30:08.772994
53a971fb-74ed-4509-9e11-396ebfa17264,23978,2024-05-24 19:30:08.772999
65136590-e180-44fd-a1a2-65ea68c99377,22476,2024-08-30 19:30:08.773004
ab6f7aaf-2f07-428d-9c2f-6d819e1949d7,40723,2024-08-10 19:30:08.773009
bf336a5e-ba84-4dc5-a6ff-a81d341019ff,29787,2024-10-05 19:30:08.773013
5d014ae1-e8fa-422e-987b-718d04e3f576,31157,2024-12-30 19:30:08.773018
7bc8bac1-71e8-4a41-8a2f-565172ff7dc9,49791,2024-01-12 19:30:08.773023
974ca168-3fa9-40d3-b398-dcd91f5a6fac,14635,2024-12-24 19:30:08.773027
465a452e-726b-420e-8ed7-e97298dd0526,19932,2024-07-26 19:30:08.773032
237c4acd-217a-41a2-a45b-c65e6e9dd6b7,41911,2024-10-05 19:30:08.773037
5c1b89e4-acb0-488f-ad4d-fb661e87daab,45412,2024-12-22 19:30:08.773041
3b762579-1be2-4084-8d9d-0c65f02183a6,40765,2025-01-02 19:30:08.773046
5d66c3e8-4c13-471f-9a07-918379d5c7b7,42976,2024-07-09 19:30:08.773050
e8e12c12-9796-4a62-8f3c-95fa6f8beb32,14946,2024-05-09 19:30:08.773055
dc892466-f363-45c0-8461-b1b1c72b8c76,24363,2024-10-19 19:30:08.773060
7c3dd31b-9f3f-43e6-af33-4e9cd1a61e93,19387,2024-08-31 19:30:08.773065
b866b9fb-9dff-4cb2-bd6c-48cd084a1ce2,8605,2024-09-02 19:30:08.773069
490b269f-12ce-4c84-ba49-4efa0e7185da,46405,2024-03-26 19:30:08.773074
7160ce75-daa1-45f6-9748-4d21a7de6a80,14152,2024-10-27 19:30:08.773079
f70cd31b-11a7-4331-948e-039b475f4d2c,37898,2024-01-11 19:30:08.773083
439d42ca-c194-465b-babd-0881c0299d04,40415,2024-11-11 19:30:08.773088
dd954a8e-12a1-48c3-9386-1f09707ff99a,35343,2024-10-29 19:30:08.773093
e020f71d-b9e1-40cc-ac69-aaac6acb40a8,44441,2024-08-02 19:30:08.773097
612844c4-bc11-430f-942f-c6cd8f41bc5e,36848,2024-10-14 19:30:08.773102
8901b634-0a18-4870-8c98-020d58b3f9ee,48394,2024-12-23 19:30:08.773107
fa16138b-4654-4136-b9ba-aa6918649d32,8729,2024-10-12 19:30:08.773111
322cada9-2270-488f-87e0-1fb108694636,42199,2024-08-13 19:30:08.773116
e7870125-1671-4b0c-9bc5-2f8a8b083c32,36455,2024-03-04 19:30:08.773120
e0b8e64a-8811-45a9-95c5-c31d5e5690b8,34812,2025-01-03 19:30:08.773125
2fd4788f-25ea-43e3-9a1f-4375622d0d87,6024,2024-10-17 19:30:08.773130
f9cbf94f-96ee-4c48-b9a8-c3db12ca78e8,31228,2024-10-17 19:30:08.773134
b50aa9ef-7bd1-4ea2-955d-59412129bcc8,44807,2024-05-04 19:30:08.773139
67d198f8-a060-4889-9da5-075601976272,21921,2024-08-08 19:30:08.773144
8c05ae0a-19ac-4709-b3e3-20d9f58f71cc,37179,2024-10-29 19:30:08.773148
5a0febd8-2c42-4028-9ac3-87c2b5656af6,42359,2024-09-22 19:30:08.773153
c38d77fa-e026-47fc-9f67-389a30d23b46,37037,2024-09-19 19:30:08.773157
6950579d-70ac-42ad-b79a-214291f02469,38275,2024-07-21 19:30:08.773162
27776954-f4a3-4f5a-a76a-922e77cbe368,41692,2024-07-06 19:30:08.773167
cc9e4ac3-33d1-437a-933b-f156cb387201,13872,2024-03-30 19:30:08.773171
2e88cf2b-521b-4343-9cb3-4eb4a7c219a6,30335,2024-04-11 19:30:08.773176
0accf62d-0140-408b-b0e3-ab831bfba2ba,25607,2024-12-22 19:30:08.773181
6f03f907-68b3-4a5d-bdb2-02eb89634054,39961,2024-07-25 19:30:08.773185
fd2c894c-f37c-490a-9c9a-2f9648045cf4,29466,2024-02-25 19:30:08.773190
d331f3af-2e36-43a2-b17d-a515ac06d78a,20762,2024-10-19 19:30:08.773195
f4ab0838-89a0-4ac0-8b8d-03855c35376d,23930,2024-10-26 19:30:08.773199
e3b228e3-7e3e-4ee6-a7f9-ebfb12e0f597,9655,2024-02-09 19:30:08.773204
0b86b2ab-addc-44c8-969e-2cd99fc2f75d,10019,2024-01-29 19:30:08.773209
49ed5d9e-fd2a-4897-a166-ab9f7b4de123,41342,2024-05-05 19:30:08.773214
1ae642ed-8fb9-4e07-aca8-4a320c9d7288,44314,2024-08-31 19:30:08.773218
0fd961f9-9da0-4ba1-ae83-6ae179409b69,24664,2024-01-20 19:30:08.773223
4b6c64b4-b180-46c5-83cc-d8c2508081bd,21924,2024-06-22 19:30:08.773228
36467b91-7af4-46b3-b012-8ef9e29dd3ab,27546,2024-01-12 19:30:08.773232
5660a345-cd2a-434b-b5d6-7b8a2141a40e,19830,2024-03-19 19:30:08.773237
c6b7007f-55fc-4651-9f22-b74688512052,17642,2024-11-02 19:30:08.773242
528efedb-697e-4083-b4b0-7fd08dcd0b4a,28086,2024-12-20 19:30:08.773250
79b931b6-f65d-452f-8349-c8f8ddd79bcc,42947,2024-04-13 19:30:08.773255
be6d136e-9780-4492-8432-83e81ad4228a,35462,2024-10-08 19:30:08.773260
3b1c0171-85de-4466-9178-f22f68f1c7e6,44140,2024-08-29 19:30:08.773264
8779daa6-26a2-4921-8b09-2858445477b5,49329,2024-03-20 19:30:08.773269
f3c532d4-086c-4c08-a99b-56aacc0cccbe,37076,2024-03-19 19:30:08.773274
236404e0-069f-4d03-a275-61f2aa6e9dae,49782,2024-08-27 19:30:08.773279
f19d3b4d-ad90-48c1-8665-afc9feeb18c4,48339,2024-01-23 19:30:08.773284
0f3c9de6-f9a3-4182-9836-ebe824d62373,46358,2024-01-19 19:30:08.773289
5f4c161b-2ccd-4695-a19b-30fe67f527d8,27203,2024-12-07 19:30:08.773294
cfc415ba-b8cd-4a20-b04f-7f373ce8806d,49366,2024-03-22 19:30:08.773299
eec4f84e-59e6-4a0d-bd4b-7c5516a1782e,32856,2024-12-08 19:30:08.773304
912a49cd-15ec-4216-9dd4-822a14c9a5a7,14486,2024-11-27 19:30:08.773309
f27159aa-d53f-4987-8f16-75801cf1bddc,37158,2024-03-23 19:30:08.773314
39157897-75b9-4edc-87ef-e9bbf08f4f49,19681,2024-01-21 19:30:08.773318
c68ddeff-34bc-49b7-a076-355922caa972,16701,2024-03-10 19:30:08.773325
d5930ee3-24e1-4683-ad8b-2507a68b1a37,20372,2024-04-03 19:30:08.773334
ebeaf6e2-4485-4869-8e5e-71d14cdf8ff6,31611,2024-09-23 19:30:08.773342
ad66969b-b403-44f3-b734-06b7b15d227d,10523,2024-10-05 19:30:08.773349
a2278779-e367-47e7-b370-797dd101f31c,25233,2024-11-04 19:30:08.773354
7d0ee7a3-1150-4af1-ad85-c0e6c5255a18,29955,2024-12-31 19:30:08.773358
b60c0299-0ae9-4f36-b8be-539595752b1a,8763,2024-05-24 19:30:08.773363
25f9fa3b-f843-4945-a3ab-2ed0f6c508d8,47621,2024-06-02 19:30:08.773368
e5374162-bec3-4e3a-974b-51f864f9d88f,24442,2024-01-17 19:30:08.773372
5245b924-9ed3-4954-a093-9b690226bb8c,30882,2024-04-06 19:30:08.773377
60c30846-1965-4acf-aa19-b9720c8e8d69,7465,2024-10-02 19:30:08.773382
e2218932-d24a-43aa-83ef-620f81cff007,9451,2024-04-13 19:30:08.773386
